SET session_replication_role = replica;

--
-- PostgreSQL database dump
--

-- \restrict SmLVii0ol49CgCaUwY4zvzQT4dJCPD6VI2yis2pnTrWkAiKHb8DhkVGnK8ewShS

-- Dumped from database version 17.6
-- Dumped by pg_dump version 17.6

SET statement_timeout = 0;
SET lock_timeout = 0;
SET idle_in_transaction_session_timeout = 0;
SET transaction_timeout = 0;
SET client_encoding = 'UTF8';
SET standard_conforming_strings = on;
SELECT pg_catalog.set_config('search_path', '', false);
SET check_function_bodies = false;
SET xmloption = content;
SET client_min_messages = warning;
SET row_security = off;

--
-- Data for Name: audit_log_entries; Type: TABLE DATA; Schema: auth; Owner: supabase_auth_admin
--

INSERT INTO "auth"."audit_log_entries" ("instance_id", "id", "payload", "created_at", "ip_address") VALUES
	('00000000-0000-0000-0000-000000000000', '0235c14f-e566-4874-853b-456c1e7b9581', '{"action":"login","actor_id":"11111111-1111-4111-8111-111111111111","actor_username":"admin@familyevents.local","actor_via_sso":false,"log_type":"account","traits":{"provider":"email"}}', '2026-05-10 15:54:55.51111+00', ''),
	('00000000-0000-0000-0000-000000000000', '063c4038-95e2-4f93-a902-ad8f7fcfb675', '{"action":"login","actor_id":"11111111-1111-4111-8111-111111111111","actor_username":"admin@familyevents.local","actor_via_sso":false,"log_type":"account","traits":{"provider":"email"}}', '2026-05-10 16:40:50.80567+00', ''),
	('00000000-0000-0000-0000-000000000000', '1d38a98b-114e-414f-984a-0b424d99f48f', '{"action":"token_refreshed","actor_id":"11111111-1111-4111-8111-111111111111","actor_username":"admin@familyevents.local","actor_via_sso":false,"log_type":"token"}', '2026-05-10 16:53:32.05628+00', ''),
	('00000000-0000-0000-0000-000000000000', 'acbded51-fbfe-430e-b862-536361816e05', '{"action":"token_revoked","actor_id":"11111111-1111-4111-8111-111111111111","actor_username":"admin@familyevents.local","actor_via_sso":false,"log_type":"token"}', '2026-05-10 16:53:32.056476+00', ''),
	('00000000-0000-0000-0000-000000000000', '057a3bbb-057f-40a7-ac53-c76092ac66a6', '{"action":"token_refreshed","actor_id":"11111111-1111-4111-8111-111111111111","actor_username":"admin@familyevents.local","actor_via_sso":false,"log_type":"token"}', '2026-05-10 17:53:33.103173+00', ''),
	('00000000-0000-0000-0000-000000000000', 'e0cc6097-e721-4bc6-ab33-27b69d4258c9', '{"action":"token_revoked","actor_id":"11111111-1111-4111-8111-111111111111","actor_username":"admin@familyevents.local","actor_via_sso":false,"log_type":"token"}', '2026-05-10 17:53:33.103506+00', ''),
	('00000000-0000-0000-0000-000000000000', 'dbf80d96-9a32-4188-ab31-2b084279ab45', '{"action":"logout","actor_id":"11111111-1111-4111-8111-111111111111","actor_username":"admin@familyevents.local","actor_via_sso":false,"log_type":"account"}', '2026-05-10 17:53:33.14065+00', ''),
	('00000000-0000-0000-0000-000000000000', '0c2486a8-2f8b-48c3-87e3-e2e36557bf5d', '{"action":"login","actor_id":"11111111-1111-4111-8111-111111111111","actor_username":"admin@familyevents.local","actor_via_sso":false,"log_type":"account","traits":{"provider":"email"}}', '2026-05-10 18:58:17.025732+00', ''),
	('00000000-0000-0000-0000-000000000000', 'e4c31390-0a41-4332-8785-e5edfc346670', '{"action":"login","actor_id":"11111111-1111-4111-8111-111111111111","actor_username":"admin@familyevents.local","actor_via_sso":false,"log_type":"account","traits":{"provider":"email"}}', '2026-05-10 19:41:54.220501+00', ''),
	('00000000-0000-0000-0000-000000000000', '04440ba5-2a59-4f25-86b6-68c66e60faef', '{"action":"login","actor_id":"11111111-1111-4111-8111-111111111111","actor_username":"admin@familyevents.local","actor_via_sso":false,"log_type":"account","traits":{"provider":"email"}}', '2026-05-10 19:43:33.403056+00', ''),
	('00000000-0000-0000-0000-000000000000', '9fd74c51-33d4-441d-82d4-5ad9f5544114', '{"action":"token_refreshed","actor_id":"11111111-1111-4111-8111-111111111111","actor_username":"admin@familyevents.local","actor_via_sso":false,"log_type":"token"}', '2026-05-10 19:56:55.669941+00', ''),
	('00000000-0000-0000-0000-000000000000', '5aa7a899-cd14-42da-8b9a-67bbaed45cca', '{"action":"token_revoked","actor_id":"11111111-1111-4111-8111-111111111111","actor_username":"admin@familyevents.local","actor_via_sso":false,"log_type":"token"}', '2026-05-10 19:56:55.670708+00', ''),
	('00000000-0000-0000-0000-000000000000', '1f2d437b-d637-4741-b70c-491a1e7d33a6', '{"action":"login","actor_id":"11111111-1111-4111-8111-111111111111","actor_username":"admin@familyevents.local","actor_via_sso":false,"log_type":"account","traits":{"provider":"email"}}', '2026-05-10 19:59:05.526338+00', '');


--
-- Data for Name: custom_oauth_providers; Type: TABLE DATA; Schema: auth; Owner: supabase_auth_admin
--



--
-- Data for Name: flow_state; Type: TABLE DATA; Schema: auth; Owner: supabase_auth_admin
--



--
-- Data for Name: users; Type: TABLE DATA; Schema: auth; Owner: supabase_auth_admin
--

INSERT INTO "auth"."users" ("instance_id", "id", "aud", "role", "email", "encrypted_password", "email_confirmed_at", "invited_at", "confirmation_token", "confirmation_sent_at", "recovery_token", "recovery_sent_at", "email_change_token_new", "email_change", "email_change_sent_at", "last_sign_in_at", "raw_app_meta_data", "raw_user_meta_data", "is_super_admin", "created_at", "updated_at", "phone", "phone_confirmed_at", "phone_change", "phone_change_token", "phone_change_sent_at", "email_change_token_current", "email_change_confirm_status", "banned_until", "reauthentication_token", "reauthentication_sent_at", "is_sso_user", "deleted_at", "is_anonymous") VALUES
	('00000000-0000-0000-0000-000000000000', '11111111-1111-4111-8111-111111111111', 'authenticated', 'authenticated', 'admin@familyevents.local', '$2a$06$inwFXDmBxbHrvLhg0AaHC./DyZYPLHTvgUcA0LgzI5DjargYhbpXa', '2026-05-10 15:53:14.310164+00', NULL, '', NULL, '', NULL, '', '', NULL, '2026-05-10 19:59:05.527243+00', '{"provider": "email", "providers": ["email"]}', '{"display_name": "Local Admin"}', NULL, '2026-05-10 15:53:14.310164+00', '2026-05-10 19:59:05.529068+00', NULL, NULL, '', '', NULL, '', 0, NULL, '', NULL, false, NULL, false);


--
-- Data for Name: identities; Type: TABLE DATA; Schema: auth; Owner: supabase_auth_admin
--

INSERT INTO "auth"."identities" ("provider_id", "user_id", "identity_data", "provider", "last_sign_in_at", "created_at", "updated_at", "id") VALUES
	('admin@familyevents.local', '11111111-1111-4111-8111-111111111111', '{"sub": "11111111-1111-4111-8111-111111111111", "email": "admin@familyevents.local", "email_verified": true}', 'email', '2026-05-10 15:53:14.310164+00', '2026-05-10 15:53:14.310164+00', '2026-05-10 15:53:14.310164+00', '2a57b2d6-9181-434d-89d4-484b00daff35');


--
-- Data for Name: instances; Type: TABLE DATA; Schema: auth; Owner: supabase_auth_admin
--



--
-- Data for Name: oauth_clients; Type: TABLE DATA; Schema: auth; Owner: supabase_auth_admin
--



--
-- Data for Name: sessions; Type: TABLE DATA; Schema: auth; Owner: supabase_auth_admin
--

INSERT INTO "auth"."sessions" ("id", "user_id", "created_at", "updated_at", "factor_id", "aal", "not_after", "refreshed_at", "user_agent", "ip", "tag", "oauth_client_id", "refresh_token_hmac_key", "refresh_token_counter", "scopes") VALUES
	('f860fff1-0e17-4255-a27c-7ea3e5ae3c2f', '11111111-1111-4111-8111-111111111111', '2026-05-10 19:41:54.220901+00', '2026-05-10 19:41:54.220901+00', NULL, 'aal1', NULL, NULL, 'Mozilla/5.0 (Macintosh; Intel Mac OS X 10_15_7) AppleWebKit/537.36 (KHTML, like Gecko) HeadlessChrome/147.0.7727.15 Safari/537.36', '192.168.117.1', NULL, NULL, NULL, NULL, NULL),
	('de36820d-8634-4a4b-882a-a0946f5582ba', '11111111-1111-4111-8111-111111111111', '2026-05-10 19:43:33.403449+00', '2026-05-10 19:43:33.403449+00', NULL, 'aal1', NULL, NULL, 'Mozilla/5.0 (Macintosh; Intel Mac OS X 10_15_7) AppleWebKit/537.36 (KHTML, like Gecko) HeadlessChrome/147.0.7727.15 Safari/537.36', '192.168.117.1', NULL, NULL, NULL, NULL, NULL),
	('3477601d-0f0a-4da4-a30d-defdf416e86c', '11111111-1111-4111-8111-111111111111', '2026-05-10 18:58:17.026247+00', '2026-05-10 19:56:55.671733+00', NULL, 'aal1', NULL, '2026-05-10 19:56:55.671707', 'Mozilla/5.0 (Macintosh; Intel Mac OS X 10_15_7) AppleWebKit/537.36 (KHTML, like Gecko) Chrome/147.0.0.0 Safari/537.36', '192.168.117.1', NULL, NULL, NULL, NULL, NULL),
	('6efe6c68-2b8d-40bb-bd56-18182b458a2e', '11111111-1111-4111-8111-111111111111', '2026-05-10 19:59:05.527304+00', '2026-05-10 19:59:05.527304+00', NULL, 'aal1', NULL, NULL, 'Mozilla/5.0 (Macintosh; Intel Mac OS X 10_15_7) AppleWebKit/537.36 (KHTML, like Gecko) HeadlessChrome/147.0.7727.15 Safari/537.36', '192.168.117.1', NULL, NULL, NULL, NULL, NULL);


--
-- Data for Name: mfa_amr_claims; Type: TABLE DATA; Schema: auth; Owner: supabase_auth_admin
--

INSERT INTO "auth"."mfa_amr_claims" ("session_id", "created_at", "updated_at", "authentication_method", "id") VALUES
	('3477601d-0f0a-4da4-a30d-defdf416e86c', '2026-05-10 18:58:17.02753+00', '2026-05-10 18:58:17.02753+00', 'password', 'a5211f49-78ee-49a1-aff7-c3772e677af9'),
	('f860fff1-0e17-4255-a27c-7ea3e5ae3c2f', '2026-05-10 19:41:54.222167+00', '2026-05-10 19:41:54.222167+00', 'password', 'ff83b571-3f70-4e36-a7b4-2831f8415f64'),
	('de36820d-8634-4a4b-882a-a0946f5582ba', '2026-05-10 19:43:33.404438+00', '2026-05-10 19:43:33.404438+00', 'password', '55ea9024-9049-4d58-a7fa-154b090b6484'),
	('6efe6c68-2b8d-40bb-bd56-18182b458a2e', '2026-05-10 19:59:05.529294+00', '2026-05-10 19:59:05.529294+00', 'password', '4ee86ca9-78f2-4ef7-b392-c0ed588ead96');


--
-- Data for Name: mfa_factors; Type: TABLE DATA; Schema: auth; Owner: supabase_auth_admin
--



--
-- Data for Name: mfa_challenges; Type: TABLE DATA; Schema: auth; Owner: supabase_auth_admin
--



--
-- Data for Name: oauth_authorizations; Type: TABLE DATA; Schema: auth; Owner: supabase_auth_admin
--



--
-- Data for Name: oauth_client_states; Type: TABLE DATA; Schema: auth; Owner: supabase_auth_admin
--



--
-- Data for Name: oauth_consents; Type: TABLE DATA; Schema: auth; Owner: supabase_auth_admin
--



--
-- Data for Name: one_time_tokens; Type: TABLE DATA; Schema: auth; Owner: supabase_auth_admin
--



--
-- Data for Name: refresh_tokens; Type: TABLE DATA; Schema: auth; Owner: supabase_auth_admin
--

INSERT INTO "auth"."refresh_tokens" ("instance_id", "id", "token", "user_id", "revoked", "created_at", "updated_at", "parent", "session_id") VALUES
	('00000000-0000-0000-0000-000000000000', 6, 'tgsmayypfx6g', '11111111-1111-4111-8111-111111111111', false, '2026-05-10 19:41:54.221628+00', '2026-05-10 19:41:54.221628+00', NULL, 'f860fff1-0e17-4255-a27c-7ea3e5ae3c2f'),
	('00000000-0000-0000-0000-000000000000', 7, 's3jkoosyeyhr', '11111111-1111-4111-8111-111111111111', false, '2026-05-10 19:43:33.404016+00', '2026-05-10 19:43:33.404016+00', NULL, 'de36820d-8634-4a4b-882a-a0946f5582ba'),
	('00000000-0000-0000-0000-000000000000', 5, 'sji2lquppgnc', '11111111-1111-4111-8111-111111111111', true, '2026-05-10 18:58:17.026977+00', '2026-05-10 19:56:55.670887+00', NULL, '3477601d-0f0a-4da4-a30d-defdf416e86c'),
	('00000000-0000-0000-0000-000000000000', 8, 'itysrcel6hlu', '11111111-1111-4111-8111-111111111111', false, '2026-05-10 19:56:55.671103+00', '2026-05-10 19:56:55.671103+00', 'sji2lquppgnc', '3477601d-0f0a-4da4-a30d-defdf416e86c'),
	('00000000-0000-0000-0000-000000000000', 9, 'giyd7aia62u2', '11111111-1111-4111-8111-111111111111', false, '2026-05-10 19:59:05.528504+00', '2026-05-10 19:59:05.528504+00', NULL, '6efe6c68-2b8d-40bb-bd56-18182b458a2e');


--
-- Data for Name: sso_providers; Type: TABLE DATA; Schema: auth; Owner: supabase_auth_admin
--



--
-- Data for Name: saml_providers; Type: TABLE DATA; Schema: auth; Owner: supabase_auth_admin
--



--
-- Data for Name: saml_relay_states; Type: TABLE DATA; Schema: auth; Owner: supabase_auth_admin
--



--
-- Data for Name: sso_domains; Type: TABLE DATA; Schema: auth; Owner: supabase_auth_admin
--



--
-- Data for Name: webauthn_challenges; Type: TABLE DATA; Schema: auth; Owner: supabase_auth_admin
--



--
-- Data for Name: webauthn_credentials; Type: TABLE DATA; Schema: auth; Owner: supabase_auth_admin
--



--
-- Data for Name: admin_audit_log; Type: TABLE DATA; Schema: public; Owner: postgres
--



--
-- Data for Name: cities; Type: TABLE DATA; Schema: public; Owner: postgres
--

INSERT INTO "public"."cities" ("id", "name", "state", "country", "slug", "is_active", "latitude", "longitude", "timezone", "created_at") VALUES
	('ee2d7e71-c68d-42a6-b6ad-54186e1d0511', 'New York', 'NY', 'US', 'new-york', true, 40.7128000, -74.0060000, 'America/New_York', '2026-05-10 15:53:14.244533+00'),
	('278a2847-0592-4950-a1a0-5133cf52da42', 'Los Angeles', 'CA', 'US', 'los-angeles', true, 34.0522000, -118.2437000, 'America/Los_Angeles', '2026-05-10 15:53:14.244533+00'),
	('eb22a5a4-446d-4a1f-8730-0820b21c3b2b', 'Chicago', 'IL', 'US', 'chicago', true, 41.8781000, -87.6298000, 'America/Chicago', '2026-05-10 15:53:14.244533+00'),
	('253283d5-0111-47d6-97ff-fe6162b22016', 'San Francisco', 'CA', 'US', 'san-francisco', true, 37.7749000, -122.4194000, 'America/Los_Angeles', '2026-05-10 15:53:14.244533+00'),
	('1fc29048-fb95-40a8-b1e5-4f7ed698f000', 'Austin', 'TX', 'US', 'austin', true, 30.2672000, -97.7431000, 'America/Chicago', '2026-05-10 15:53:14.244533+00'),
	('5ab52351-3a32-4cc0-8276-f14f608a51d7', 'Boston', 'MA', 'US', 'boston', true, 42.3601000, -71.0589000, 'America/New_York', '2026-05-10 15:53:14.244533+00'),
	('62733403-0866-445a-a519-5b6e0e71ed4e', 'Seattle', 'WA', 'US', 'seattle', true, 47.6062000, -122.3321000, 'America/Los_Angeles', '2026-05-10 15:53:14.244533+00'),
	('09b71e1b-43d9-4c8c-b944-91afdbbf5049', 'Denver', 'CO', 'US', 'denver', true, 39.7392000, -104.9903000, 'America/Denver', '2026-05-10 15:53:14.244533+00'),
	('d5d9d4c4-b8cd-4b6f-89bc-4d6ee5129001', 'Miami', 'FL', 'US', 'miami', true, 25.7617000, -80.1918000, 'America/New_York', '2026-05-10 15:53:14.244533+00'),
	('a54f619e-cf3f-4b5e-b3b9-8844c4151cf9', 'Portland', 'OR', 'US', 'portland', true, 45.5051000, -122.6750000, 'America/Los_Angeles', '2026-05-10 15:53:14.244533+00'),
	('f263aefe-7771-4b93-ae06-9e4fa2c152d6', 'Baton Rouge', 'LA', 'US', 'baton-rouge', true, 30.4515000, -91.1871000, 'America/Chicago', '2026-05-10 15:53:14.244533+00'),
	('4f546c98-7985-4127-b472-c43254eb77c3', 'Louisville', 'KY', 'US', 'louisville', true, 38.2527000, -85.7585000, 'America/New_York', '2026-05-10 15:53:14.244533+00');


--
-- Data for Name: event_sources; Type: TABLE DATA; Schema: public; Owner: postgres
--

INSERT INTO "public"."event_sources" ("id", "name", "url", "source_type", "city_id", "is_active", "scrape_interval_hours", "last_scraped_at", "last_status", "error_count", "notes", "created_at", "updated_at") VALUES
	('fde66d68-98b6-481b-8a67-b18a6575c0ad', 'NYC Parks Events', 'https://www.nycgovparks.org/events', 'website', 'ee2d7e71-c68d-42a6-b6ad-54186e1d0511', false, 12, NULL, 'pending', 0, 'BLOCKED: 403 Forbidden from CDN bot protection', '2026-05-10 15:53:14.255975+00', '2026-05-10 15:53:14.255975+00'),
	('28b28c2b-46a6-440b-af3b-c2dce3632fba', 'New York Public Library Events', 'https://www.nypl.org/events/rss', 'rss', 'ee2d7e71-c68d-42a6-b6ad-54186e1d0511', false, 6, NULL, 'pending', 0, 'BLOCKED: Imperva CDN returns HTML bot-challenge instead of RSS', '2026-05-10 15:53:14.255975+00', '2026-05-10 15:53:14.255975+00'),
	('7409c4a0-40cc-4e03-8c36-9cdaf2f75292', 'Brooklyn Public Library Calendar', 'https://www.bklynlibrary.org/calendar/feed', 'rss', 'ee2d7e71-c68d-42a6-b6ad-54186e1d0511', false, 6, NULL, 'pending', 0, 'DEAD: 404 — feed URL no longer exists', '2026-05-10 15:53:14.255975+00', '2026-05-10 15:53:14.255975+00'),
	('a097a2f4-2477-4205-8c32-34f4620df1f2', 'Chicago Park District Events', 'https://www.chicagoparkdistrict.com/events', 'website', 'eb22a5a4-446d-4a1f-8730-0820b21c3b2b', false, 12, NULL, 'pending', 0, 'BLOCKED: bot-protected, returns HTML challenge page', '2026-05-10 15:53:14.255975+00', '2026-05-10 15:53:14.255975+00'),
	('ae8a7565-fa95-4252-a7a3-f4ad2ec2cc89', 'Austin Public Library Events', 'https://library.austintexas.gov/events/feed', 'rss', '1fc29048-fb95-40a8-b1e5-4f7ed698f000', false, 6, NULL, 'pending', 0, 'DEAD: 404 — feed URL no longer exists', '2026-05-10 15:53:14.255975+00', '2026-05-10 15:53:14.255975+00'),
	('03b5775e-bbb8-4ba6-8df1-7b9404d6bead', 'Seattle Public Library Events', 'https://www.spl.org/calendar/rss', 'rss', '62733403-0866-445a-a519-5b6e0e71ed4e', false, 6, NULL, 'pending', 0, 'BLOCKED: returns HTML, not RSS', '2026-05-10 15:53:14.255975+00', '2026-05-10 15:53:14.255975+00'),
	('8517fe05-71c3-44c5-878a-fe1bf8c66065', 'Denver Public Library Events', 'https://www.denverlibrary.org/events/feed', 'rss', '09b71e1b-43d9-4c8c-b944-91afdbbf5049', false, 6, NULL, 'pending', 0, 'DEAD: 404 — feed URL no longer exists', '2026-05-10 15:53:14.255975+00', '2026-05-10 15:53:14.255975+00'),
	('9653538c-4ae5-4857-9eae-b7dfc068d2b5', 'Portland Parks & Rec Activities', 'https://www.portland.gov/parks/events', 'website', 'a54f619e-cf3f-4b5e-b3b9-8844c4151cf9', false, 12, NULL, 'pending', 0, 'BLOCKED: bot-protected website', '2026-05-10 15:53:14.255975+00', '2026-05-10 15:53:14.255975+00'),
	('f0386301-e604-479b-bf96-7d55cb4662d5', 'Louisville Zoo Events', 'https://www.louisvillezoo.org/events/?ical=1&tribe_display=list', 'ical', '4f546c98-7985-4127-b472-c43254eb77c3', true, 12, '2026-05-10 16:03:40.517+00', 'success', 0, 'Louisville Zoo family events — verified iCal (BEGIN:VCALENDAR)', '2026-05-10 15:53:14.255975+00', '2026-05-10 15:53:14.255975+00'),
	('fa00975f-a848-4485-830f-cb5c4a6fac44', 'BREC Family Events', 'https://www.brec.org/calendar', 'website', 'f263aefe-7771-4b93-ae06-9e4fa2c152d6', true, 12, '2026-05-10 16:19:52.393+00', 'success', 0, 'Baton Rouge Recreation — website scraper, verified working', '2026-05-10 15:53:14.255975+00', '2026-05-10 15:53:14.255975+00'),
	('a92f2e75-b80d-4c54-9c10-91d9b5e7085e', 'Chicago Public Library Events', 'https://www.chipublib.org/events/feed/', 'rss', 'eb22a5a4-446d-4a1f-8730-0820b21c3b2b', true, 6, '2026-05-10 17:00:01.059+00', 'success', 0, 'Chicago library events — verified RSS (application/rss+xml)', '2026-05-10 15:53:14.255975+00', '2026-05-10 15:53:14.255975+00'),
	('a875e72a-40be-4fd5-a0de-1da42e8b4ad7', 'Boston Public Library Events', 'https://www.bpl.org/events/feed/', 'rss', '5ab52351-3a32-4cc0-8276-f14f608a51d7', true, 6, '2026-05-10 17:00:01.821+00', 'success', 0, 'Boston library family programming — verified RSS (application/rss+xml)', '2026-05-10 15:53:14.255975+00', '2026-05-10 15:53:14.255975+00');


--
-- Data for Name: events; Type: TABLE DATA; Schema: public; Owner: postgres
--

INSERT INTO "public"."events" ("id", "title", "description", "start_datetime", "end_datetime", "timezone", "venue_name", "address", "city_id", "latitude", "longitude", "age_min", "age_max", "price", "is_free", "source_url", "source_name", "source_id", "images", "status", "ai_confidence", "recurrence_info", "is_featured", "view_count", "search_vector", "created_at", "updated_at", "ai_tag_provider", "is_outdoor") VALUES
	('ab7ebe6b-78de-4574-8909-6e292bac7425', 'Celebrate Mother’s Day at the Louisville Zoo', 'Treat mom to a special day at the Zoo. In celebration of Mother’s Day, all mothers (and expecting mothers!) receive FREE Zoo admission on Sunday, May 10.  Spend the day exploring exhibits, watching animals enjoy the spring weather and making memories together as a family. From beloved animal moms to Zoo-wide experiences, there is something for everyone to enjoy.  How it works   Free admission is available to all mothers on Mother’s Day Tickets are available at the Zoo only Valid for standard daytime admission Zoo hours and regular parking fees apply.   Mother’s Day Specialty Drink  In honor of Mother’s Day Weekend, SSA will offer a special made‑to‑order Mother’s Day Mimosa, available for a limited time throughout the Zoo. This seasonal specialty is part of a new offering designed to give guests something a little different on select high‑traffic days. The Mother’s Day Mimosa will be available at multiple locations across the park for $10.99, while supplies last', '2026-05-10 14:00:00+00', '2026-05-10 21:00:00+00', 'America/New_York', 'Louisville Zoo', NULL, '4f546c98-7985-4127-b472-c43254eb77c3', 38.2051766, -85.7053359, NULL, NULL, NULL, true, 'https://louisvillezoo.org/event/celebrate-mothers-day-at-the-louisville-zoo/', 'Louisville Zoo Events', 'f0386301-e604-479b-bf96-7d55cb4662d5', '["https://louisvillezoo.org/wp-content/uploads/2026/01/PL_MothersDay.png"]', 'published', 0.833, NULL, false, 0, '''10'':36 ''10.99'':173 ''across'':169 ''admiss'':32,75,96 ''anim'':43,57 ''appli'':103 ''avail'':77,87,128,165 ''belov'':56 ''celebr'':1,19 ''day'':4,14,23,39,84,106,114,126,157,161 ''daytim'':95 ''design'':145 ''differ'':152 ''drink'':108 ''enjoy'':44,70 ''everyon'':68 ''exhibit'':41 ''expect'':27 ''experi'':63 ''explor'':40 ''famili'':54 ''fee'':102 ''free'':30,74 ''give'':147 ''guest'':148 ''high'':155 ''honor'':110 ''hour'':98 ''last'':176 ''limit'':131 ''littl'':151 ''locat'':168 ''louisvill'':7,177 ''made'':121 ''make'':49 ''may'':35 ''memori'':50 ''mimosa'':127,162 ''mom'':10,58 ''mother'':2,21,25,28,80,82,104,112,124,159 ''multipl'':167 ''new'':143 ''offer'':118,144 ''order'':123 ''park'':101,171 ''part'':140 ''receiv'':29 ''regular'':100 ''season'':137 ''select'':154 ''someth'':66,149 ''special'':13,120 ''specialti'':107,138 ''spend'':37 ''spring'':46 ''ssa'':116 ''standard'':94 ''sunday'':34 ''suppli'':175 ''throughout'':133 ''ticket'':85 ''time'':132 ''togeth'':51 ''traffic'':156 ''treat'':9 ''valid'':92 ''watch'':42 ''weather'':47 ''weekend'':115 ''wide'':62 ''work'':73 ''zoo'':8,17,31,61,90,97,135,178 ''zoo-wid'':60', '2026-05-10 16:00:05.646911+00', '2026-05-10 19:05:59.085041+00', 'openai', true),
	('e8bffc6d-36b4-438c-a6cd-a2f7d0723e54', 'Zoo Explorers 2026: What are Animals Eating', 'Buy Now! What are Animals Eating? Explore the Zoo to see what the animals are munching on, if their breakfast is as tasty as ours, and where their leftovers go!  Zoo Explorers Calling all little explorers – get ready for some big adventures with the Zoo!   Ever wonder where the Zoo animal food comes from? Curious about when our animals see the “doctor”? In this exciting drop off program for kids 4-6 years old, we’ll visit zoo animal areas, exhibits and more to explore something new about the Zoo each week!  Each Zoo Explorers program is 2 hours and will include zoo walks, hands on activities and guided experiences around the Zoo.  Prices Members: $45 Non-members: $50  Buy Now!         ZOO EXPLORERS 2026 SCHEDULE        Zoo Explorers 2026: Animal Training March 30, 2026 @ 10:00 am  Explore the Zoo and learn how animal staff train our animals, then practice being a keeper and an animal!      Zoo Explorers 2026: What are Animals Eating? April 6, 2026 @ 10:00 am  Explore the Zoo to see what the animals are munching on, if their breakfast is as tasty as ours, and where their leftovers go!       @      Zoo Explorers 2026: Animal Training May 4, 2026 @ 10:00 am  Explore the Zoo to see what the animals are munching on, if their breakfast is as tasty as ours, and where their leftovers go!     Zoo Explorers 2026: What are Animals Eating May 11, 2026 @ 10:00 am  Explore the Zoo to see what the animals are munching on, if their breakfast is as tasty as ours, and where their leftovers go!    ', '2026-05-11 14:00:00+00', '2026-05-11 16:00:00+00', 'America/New_York', 'Zoo', NULL, '4f546c98-7985-4127-b472-c43254eb77c3', 38.2051766, -85.7053359, 4, 6, 45.00, false, 'https://louisvillezoo.org/event/zoo-explorers-2026-animal-training-may-11/', 'Louisville Zoo Events', 'f0386301-e604-479b-bf96-7d55cb4662d5', '["https://louisvillezoo.org/wp-content/uploads/2026/03/2026-Zoo-Explorers_What-are-Animals-Eating-1.jpg"]', 'published', 0.742, NULL, false, 0, '''-6'':79 ''00'':143,175,210,247 ''10'':142,174,209,246 ''11'':244 ''2'':105 ''2026'':3,132,136,141,166,173,203,208,238,245 ''30'':140 ''4'':78,207 ''45'':123 ''50'':127 ''6'':172 ''activ'':114 ''adventur'':49 ''anim'':6,12,21,58,66,86,137,151,155,163,169,184,204,219,241,256 ''april'':171 ''area'':87 ''around'':118 ''big'':48 ''breakfast'':27,190,225,262 ''buy'':8,128 ''call'':40 ''come'':60 ''curious'':62 ''doctor'':69 ''drop'':73 ''eat'':7,13,170,242 ''ever'':53 ''excit'':72 ''exhibit'':88 ''experi'':117 ''explor'':2,14,39,43,92,102,131,135,145,165,177,202,212,237,249 ''food'':59 ''get'':44 ''go'':37,200,235,272 ''guid'':116 ''hand'':112 ''hour'':106 ''includ'':109 ''keeper'':160 ''kid'':77 ''learn'':149 ''leftov'':36,199,234,271 ''littl'':42 ''ll'':83 ''march'':139 ''may'':206,243 ''member'':122,126 ''munch'':23,186,221,258 ''new'':94 ''non'':125 ''non-memb'':124 ''old'':81 ''practic'':157 ''price'':121 ''program'':75,103 ''readi'':45 ''schedul'':133 ''see'':18,67,181,216,253 ''someth'':93 ''staff'':152 ''tasti'':30,193,228,265 ''train'':138,153,205 ''visit'':84 ''walk'':111 ''week'':99 ''wonder'':54 ''year'':80 ''zoo'':1,16,38,52,57,85,97,101,110,120,130,134,147,164,179,201,214,236,251,273', '2026-05-10 16:00:12.64144+00', '2026-05-10 19:05:59.085041+00', 'openai', true),
	('696d8438-686d-42fc-99e8-3cb37e40d2f0', 'Early Childhood Pop-Up:  Animal Tales - Tiger Taiga', 'Animal Tales Join us at select animal exhibits to hear a story and test your animal imitation skills with a movement activity!  Guests can join us at selected animal exhibits for a story time throughout the spring. We’ll read 1 or 2 books and practice our animal imitation skills with a movement challenge related to the animal we’re featuring each week. See below for the dates, times, featured animals, and book selections.  HerpAquarium Books  Tiger Tiger written and illustrated by Jonny Lambert Mr. Brown’s Bad Day written by Lou Peacock and illustrated by Alison Friend  Price FREE with Louisville Zoo membership or admission  About Early Childhood Pop-ups The fun will be popping up this spring and summer at the Zoo!  Perfect for young learners, these new pop-up programs invite families and their children to play, observe and learn in new ways all while visiting the Zoo! Use your imagination during free play in the Cub House, gather around for a story reading, think like a zookeeper with animal activity stations or go on a Litter Critter quest. Pop up programs are FREE with membership or admission to the Zoo. For a full list of details and available sessions, visit our website.         EARLY CHILDHOOD POP-UPS 2026 SCHEDULE        Animal Tales Classes from 10:30 a.m. – 11:30 a.m.    April 19: HerpAquarium April 28: Giraffe Exhibit May 5: Islands / Little Penguin Exhibit May 12: Tiger Taiga May 19: Red Panda Exhibit  Little Critters Classes held in the MetaZoo from 3 p.m. – 5 p.m.   April 15, April 22, April 29 May 6, May 13, May 20, May 27  Playtime in the Cub House Classes held  from 10:00 a.m. – 11:30 a.m. in the Snow Leopard Cub House presented by PNC.   March 28 April 4,  April 25  (April 11 Cancelled) May 2  Young Zoologist Classes held from 11 a.m. – 1 p.m. in the Islands Zone   April 2, April 9, April 16, April 23, April 30 May 7, May 14, May 21, May 28', '2026-05-12 14:30:00+00', '2026-05-12 15:30:00+00', 'America/New_York', 'Louisville Zoo', NULL, '4f546c98-7985-4127-b472-c43254eb77c3', 38.2051766, -85.7053359, 0, 5, NULL, true, 'https://louisvillezoo.org/event/early-childhood-pop-up-animal-tales-tiger-taiga/', 'Louisville Zoo Events', 'f0386301-e604-479b-bf96-7d55cb4662d5', '["https://louisvillezoo.org/wp-content/uploads/2026/03/2026-Early-Childhood-Popups-1140x500_Animal-Tales-Tiger.jpg"]', 'published', 0.800, NULL, false, 0, '''00'':292 ''1'':50,324 ''10'':229,291 ''11'':232,294,313,322 ''12'':249 ''13'':278 ''14'':343 ''15'':270 ''16'':335 ''19'':236,253 ''2'':52,316,331 ''20'':280 ''2026'':223 ''21'':345 ''22'':272 ''23'':337 ''25'':311 ''27'':282 ''28'':239,307,347 ''29'':274 ''3'':265 ''30'':230,233,295,339 ''4'':309 ''5'':243,267 ''6'':276 ''7'':341 ''9'':333 ''a.m'':231,234,293,296,323 ''activ'':31,185 ''admiss'':115,202 ''alison'':106 ''anim'':6,10,16,25,38,57,67,80,184,225 ''april'':235,238,269,271,273,308,310,312,330,332,334,336,338 ''around'':174 ''avail'':213 ''bad'':97 ''book'':53,82,85 ''brown'':95 ''cancel'':314 ''challeng'':63 ''childhood'':2,118,219 ''children'':149 ''class'':227,259,288,319 ''critter'':192,258 ''cub'':171,286,301 ''date'':77 ''day'':98 ''detail'':211 ''earli'':1,117,218 ''exhibit'':17,39,241,247,256 ''famili'':146 ''featur'':70,79 ''free'':109,167,198 ''friend'':107 ''full'':208 ''fun'':123 ''gather'':173 ''giraff'':240 ''go'':188 ''guest'':32 ''hear'':19 ''held'':260,289,320 ''herpaquarium'':84,237 ''hous'':172,287,302 ''illustr'':90,104 ''imagin'':165 ''imit'':26,58 ''invit'':145 ''island'':244,328 ''join'':12,34 ''jonni'':92 ''lambert'':93 ''learn'':154 ''learner'':138 ''leopard'':300 ''like'':180 ''list'':209 ''litter'':191 ''littl'':245,257 ''ll'':48 ''lou'':101 ''louisvill'':111,348 ''march'':306 ''may'':242,248,252,275,277,279,281,315,340,342,344,346 ''membership'':113,200 ''metazoo'':263 ''movement'':30,62 ''mr'':94 ''new'':140,156 ''observ'':152 ''p.m'':266,268,325 ''panda'':255 ''peacock'':102 ''penguin'':246 ''perfect'':135 ''play'':151,168 ''playtim'':283 ''pnc'':305 ''pop'':4,120,126,142,194,221 ''pop-up'':3,119,141,220 ''practic'':55 ''present'':303 ''price'':108 ''program'':144,196 ''quest'':193 ''re'':69 ''read'':49,178 ''red'':254 ''relat'':64 ''schedul'':224 ''see'':73 ''select'':15,37,83 ''session'':214 ''skill'':27,59 ''snow'':299 ''spring'':46,129 ''station'':186 ''stori'':21,42,177 ''summer'':131 ''taiga'':9,251 ''tale'':7,11,226 ''test'':23 ''think'':179 ''throughout'':44 ''tiger'':8,86,87,250 ''time'':43,78 ''up'':121,222 ''us'':13,35 ''use'':163 ''visit'':160,215 ''way'':157 ''websit'':217 ''week'':72 ''written'':88,99 ''young'':137,317 ''zone'':329 ''zoo'':112,134,162,205,349 ''zookeep'':182 ''zoologist'':318', '2026-05-10 16:00:22.073214+00', '2026-05-10 19:05:59.085041+00', 'openai', true),
	('f8ee646f-41ed-4b50-948f-48ecbcfb883e', 'Hump Day Happy Hour - Social Lights', 'buy now!  Doors open at 6:30 p.m.   Social Lights Let the good times GLOW!   Relax with a cool beverage and delicious appetizers while enjoying exclusive keeper talks and animal interactions in our Giraffe/Rhino area. As the sun sets, stay for our popular Wild Lights lantern festival.  Wild Lights entry is included with your Social Lights ticket. Guests will enjoy the happy hour experience first, then the full Wild Lights route will open at 8:00 p.m. You’ll have until 11:30 p.m. to explore the Zoo and take in the lanterns.  Tickets include event entry, tasty appetizers, and two drink tickets redeemable for beer, wine, or a specialty cocktail. Additional beverages will be available for purchase.        This event is for guests ages 21 and older. No children will be admitted. Outside alcohol will not be permitted.  There are no refunds, rainchecks or discounts for this special experience.  Ticket Prices  $50 per person  buy now!         21+ EVENTS        Trivia Night – Zooper Heroes March 18, 2026 @ 6:30 pm  Join us for this green-themed trivia night and test your luck for a chance to win a pot of gold. (Actual prizes do not include real gold coins.)      Trivia Night – April Fools April 15, 2026 @ 6:30 pm  Expect the unexpected! See what zany tricks we have up our sleeves at this punny and wacky night of trivia fun.     Monarchs and Mimosas – Spring 2026 (SOLD OUT) April 18, 2026 @ 8:30 am  Start your day with a refreshing cocktail as you learn how to create your own pollinator garden from our experts.     Trivia Night – Revenge of the Sixth May 6, 2026 @ 6:30 pm  May the facts be with you as you take on this galactic challenge. You could play Star Wars trivia Solo, but we recommend building a team of jedi masters. Seats may fill up in less than 12 parsecs, so do (or do not) reserve your seat early.     Hump Day Happy Hour – Social Lights May 20, 2026 @ 6:30 pm  Let the good times GLOW! Relax with a cool beverage and delicious appetizers while enjoying exclusive keeper talks and animal interactions in our Giraffe/Rhino area.     Zoofari 2026 June 12, 2026 @ 6:00 pm  Join us in celebrating the 45th annual Zoofari gala hosted by Friends of the Louisville Zoo on Friday, June 12, 2026.      Trivia Night – Wild World of Disney June 17, 2026 @ 6:30 pm  Put on your thinking cap (or favorite pair of Mickey ears) for this wild night of trivia. You’ll have to do more than wish upon a star to take the top prize.      Trivia Night – Spicy Summer Reads July 15, 2026 @ 6:30 pm  Summer is heating up! Sparks will fly at this wild night of trivia based on book boyfriends from fan-favorite novels across all genres of romance.      Trivia Night – Mystery Flavor August 12, 2026 @ 6:30 pm  You can guess, but we won’t tell you! Join us for a wild night of trivia with a super-secret theme. Don’t worry—we promise it’s a good one.     Hump Day Happy Hour – Islands Getaway August 26, 2026 @ 6:30 pm  Set you clock to Islands time! Relax with a cool beverage and delicious appetizers while enjoying exclusive keeper talks and animal interactions throughout our popular Islands exhibit area.     Trivia Night – Wild World of Disney September 2, 2026 @ 6:30 pm  Put on your thinking cap (or favorite pair of Mickey ears) for this wild night of trivia. You’ll have to do more than wish upon a star to take the top prize.      Trivia Night – Cozy Caper November 18, 2026 @ 6:30 pm  Only the greatest detectives will be able to solve the mystery. Answer trivia questions and put together clues to figure out ZOOdunnit.     Trivia Night – Jungle Bells December 16, 2026 @ 6:30 pm  Don your ugliest holiday sweater and test your knowledge for this wildly festive reindeer game.          ', '2026-05-20 22:30:00+00', '2026-05-21 00:30:00+00', 'America/New_York', 'Louisville Zoo', NULL, '4f546c98-7985-4127-b472-c43254eb77c3', 38.2051766, -85.7053359, 21, NULL, 50.00, false, 'https://louisvillezoo.org/event/hump-day-happy-hour-social-lights/', 'Louisville Zoo Events', 'f0386301-e604-479b-bf96-7d55cb4662d5', '["https://louisvillezoo.org/wp-content/uploads/2026/01/HDR_2026_Event_HumpDayHappyHour_May20.jpg"]', 'published', 0.650, NULL, false, 0, '''00'':82,371 ''11'':88 ''12'':317,368,392,482 ''15'':210,445 ''16'':642 ''17'':401 ''18'':170,244,610 ''2'':567 ''20'':335 ''2026'':171,211,240,245,277,336,366,369,393,402,446,483,528,568,611,643 ''21'':131,163 ''26'':527 ''30'':13,89,173,213,247,279,338,404,448,485,530,570,613,645 ''45th'':378 ''50'':158 ''6'':12,172,212,276,278,337,370,403,447,484,529,569,612,644 ''8'':81,246 ''abl'':621 ''across'':472 ''actual'':197 ''addit'':118 ''admit'':138 ''age'':130 ''alcohol'':140 ''anim'':36,359,552 ''annual'':379 ''answer'':626 ''appet'':29,105,352,545 ''april'':207,209,243 ''area'':41,364,559 ''august'':481,526 ''avail'':122 ''base'':463 ''beer'':112 ''bell'':640 ''beverag'':26,119,349,542 ''book'':465 ''boyfriend'':466 ''build'':304 ''buy'':7,161 ''cap'':410,576 ''caper'':608 ''celebr'':376 ''challeng'':293 ''chanc'':190 ''children'':135 ''clock'':534 ''clue'':632 ''cocktail'':117,255 ''coin'':204 ''cool'':25,348,541 ''could'':295 ''cozi'':607 ''creat'':261 ''day'':2,251,329,521 ''decemb'':641 ''delici'':28,351,544 ''detect'':618 ''discount'':151 ''disney'':399,565 ''door'':9 ''drink'':108 ''ear'':416,582 ''earli'':327 ''enjoy'':31,66,354,547 ''entri'':56,103 ''event'':102,126,164 ''exclus'':32,355,548 ''exhibit'':558 ''expect'':215 ''experi'':70,155 ''expert'':268 ''explor'':92 ''fact'':283 ''fan'':469 ''fan-favorit'':468 ''favorit'':412,470,578 ''festiv'':53,659 ''figur'':634 ''fill'':312 ''first'':71 ''flavor'':480 ''fli'':456 ''fool'':208 ''friday'':390 ''friend'':384 ''full'':74 ''fun'':235 ''gala'':381 ''galact'':292 ''game'':661 ''garden'':265 ''genr'':474 ''getaway'':525 ''giraffe/rhino'':40,363 ''glow'':21,344 ''gold'':196,203 ''good'':19,342,518 ''greatest'':617 ''green'':180 ''green-them'':179 ''guess'':489 ''guest'':64,129 ''happi'':3,68,330,522 ''heat'':452 ''hero'':168 ''holiday'':650 ''host'':382 ''hour'':4,69,331,523 ''hump'':1,328,520 ''includ'':58,101,201 ''interact'':37,360,553 ''island'':524,536,557 ''jedi'':308 ''join'':175,373,496 ''juli'':444 ''june'':367,391,400 ''jungl'':639 ''keeper'':33,356,549 ''knowledg'':655 ''lantern'':52,99 ''learn'':258 ''less'':315 ''let'':17,340 ''light'':6,16,51,55,62,76,333 ''ll'':85,424,590 ''louisvill'':387,662 ''luck'':187 ''march'':169 ''master'':309 ''may'':275,281,311,334 ''mickey'':415,581 ''mimosa'':238 ''monarch'':236 ''mysteri'':479,625 ''night'':166,183,206,232,270,395,420,440,460,478,501,561,586,606,638 ''novel'':471 ''novemb'':609 ''older'':133 ''one'':519 ''open'':10,79 ''outsid'':139 ''p.m'':14,83,90 ''pair'':413,579 ''parsec'':318 ''per'':159 ''permit'':144 ''person'':160 ''play'':296 ''pm'':174,214,280,339,372,405,449,486,531,571,614,646 ''pollin'':264 ''popular'':49,556 ''pot'':194 ''price'':157 ''prize'':198,438,604 ''promis'':514 ''punni'':229 ''purchas'':124 ''put'':406,572,630 ''question'':628 ''raincheck'':149 ''read'':443 ''real'':202 ''recommend'':303 ''redeem'':110 ''refresh'':254 ''refund'':148 ''reindeer'':660 ''relax'':22,345,538 ''reserv'':324 ''reveng'':271 ''romanc'':476 ''rout'':77 ''seat'':310,326 ''secret'':508 ''see'':218 ''septemb'':566 ''set'':45,532 ''sixth'':274 ''sleev'':226 ''social'':5,15,61,332 ''sold'':241 ''solo'':300 ''solv'':623 ''spark'':454 ''special'':154 ''specialti'':116 ''spici'':441 ''spring'':239 ''star'':297,433,599 ''start'':249 ''stay'':46 ''summer'':442,450 ''sun'':44 ''super'':507 ''super-secret'':506 ''sweater'':651 ''take'':96,289,435,601 ''talk'':34,357,550 ''tasti'':104 ''team'':306 ''tell'':494 ''test'':185,653 ''theme'':181,509 ''think'':409,575 ''throughout'':554 ''ticket'':63,100,109,156 ''time'':20,343,537 ''togeth'':631 ''top'':437,603 ''trick'':221 ''trivia'':165,182,205,234,269,299,394,422,439,462,477,503,560,588,605,627,637 ''two'':107 ''ugliest'':649 ''unexpect'':217 ''upon'':431,597 ''us'':176,374,497 ''wacki'':231 ''war'':298 ''wild'':50,54,75,396,419,459,500,562,585,658 ''win'':192 ''wine'':113 ''wish'':430,596 ''won'':492 ''world'':397,563 ''worri'':512 ''zani'':220 ''zoo'':94,388,663 ''zoodunnit'':636 ''zoofari'':365,380 ''zooper'':167', '2026-05-10 16:01:33.60408+00', '2026-05-10 19:05:59.085041+00', 'openai', NULL),
	('70047b7e-f06b-46ee-b632-2f25e3a2ea6e', 'Early Childhood Pop-Up:  Litter Critters', 'Litter Critters Plastic is everywhere! Join us at our Litter Critter stations to learn how plastic waste effects animals and humans here in Kentucky and around the world. We’ll play games focused on recycling to earn a special sticker! These stations will be in the MetaZoo or the HerpAquarium on Wednesday afternoons in the spring.  Price FREE with Louisville Zoo membership or admission  About Early Childhood Pop-ups The fun will be popping up this spring and summer at the Zoo!  Perfect for young learners, these new pop-up programs invite families and their children to play, observe and learn in new ways all while visiting the Zoo! Use your imagination during free play in the Cub House, gather around for a story reading, think like a zookeeper with animal activity stations or go on a Litter Critter quest. Pop up programs are FREE with membership or admission to the Zoo. For a full list of details and available sessions, visit our website.         EARLY CHILDHOOD POP-UPS 2026 SCHEDULE        Animal Tales Classes from 10:30 a.m. – 11:30 a.m.    April 19: HerpAquarium April 28: Giraffe Exhibit May 5: Islands / Little Penguin Exhibit May 12: Tiger Taiga May 19: Red Panda Exhibit  Little Critters Classes held in the MetaZoo from 3 p.m. – 5 p.m.   April 15, April 22, April 29 May 6, May 13, May 20, May 27  Playtime in the Cub House Classes held  from 10:00 a.m. – 11:30 a.m. in the Snow Leopard Cub House presented by PNC.   March 28 April 4,  April 25  (April 11 Cancelled) May 2  Young Zoologist Classes held from 11 a.m. – 1 p.m. in the Islands Zone   April 2, April 9, April 16, April 23, April 30 May 7, May 14, May 21, May 28', '2026-05-13 19:00:00+00', '2026-05-13 21:00:00+00', 'America/New_York', 'Louisville Zoo', NULL, '4f546c98-7985-4127-b472-c43254eb77c3', 38.2051766, -85.7053359, 0, 5, NULL, true, 'https://louisvillezoo.org/event/early-childhood-pop-up-little-critters/2026-05-13/', 'Louisville Zoo Events', 'f0386301-e604-479b-bf96-7d55cb4662d5', '["https://louisvillezoo.org/wp-content/uploads/2026/03/2026-Early-Childhood-Popups-1140x500_Litter-Critter.jpg"]', 'published', 0.750, NULL, false, 0, '''00'':248 ''1'':280 ''10'':185,247 ''11'':188,250,269,278 ''12'':205 ''13'':234 ''14'':299 ''15'':226 ''16'':291 ''19'':192,209 ''2'':272,287 ''20'':236 ''2026'':179 ''21'':301 ''22'':228 ''23'':293 ''25'':267 ''27'':238 ''28'':195,263,303 ''29'':230 ''3'':221 ''30'':186,189,251,295 ''4'':265 ''5'':199,223 ''6'':232 ''7'':297 ''9'':289 ''a.m'':187,190,249,252,279 ''activ'':141 ''admiss'':71,158 ''afternoon'':60 ''anim'':26,140,181 ''april'':191,194,225,227,229,264,266,268,286,288,290,292,294 ''around'':33,130 ''avail'':169 ''cancel'':270 ''childhood'':2,74,175 ''children'':105 ''class'':183,215,244,275 ''critter'':7,9,18,148,214 ''cub'':127,242,257 ''detail'':167 ''earli'':1,73,174 ''earn'':44 ''effect'':25 ''everywher'':12 ''exhibit'':197,203,212 ''famili'':102 ''focus'':40 ''free'':65,123,154 ''full'':164 ''fun'':79 ''game'':39 ''gather'':129 ''giraff'':196 ''go'':144 ''held'':216,245,276 ''herpaquarium'':57,193 ''hous'':128,243,258 ''human'':28 ''imagin'':121 ''invit'':101 ''island'':200,284 ''join'':13 ''kentucki'':31 ''learn'':21,110 ''learner'':94 ''leopard'':256 ''like'':136 ''list'':165 ''litter'':6,8,17,147 ''littl'':201,213 ''ll'':37 ''louisvill'':67,304 ''march'':262 ''may'':198,204,208,231,233,235,237,271,296,298,300,302 ''membership'':69,156 ''metazoo'':54,219 ''new'':96,112 ''observ'':108 ''p.m'':222,224,281 ''panda'':211 ''penguin'':202 ''perfect'':91 ''plastic'':10,23 ''play'':38,107,124 ''playtim'':239 ''pnc'':261 ''pop'':4,76,82,98,150,177 ''pop-up'':3,75,97,176 ''present'':259 ''price'':64 ''program'':100,152 ''quest'':149 ''read'':134 ''recycl'':42 ''red'':210 ''schedul'':180 ''session'':170 ''snow'':255 ''special'':46 ''spring'':63,85 ''station'':19,49,142 ''sticker'':47 ''stori'':133 ''summer'':87 ''taiga'':207 ''tale'':182 ''think'':135 ''tiger'':206 ''up'':77,178 ''us'':14 ''use'':119 ''visit'':116,171 ''wast'':24 ''way'':113 ''websit'':173 ''wednesday'':59 ''world'':35 ''young'':93,273 ''zone'':285 ''zoo'':68,90,118,161,305 ''zookeep'':138 ''zoologist'':274', '2026-05-10 16:00:27.857353+00', '2026-05-10 19:05:59.085041+00', 'openai', true),
	('501d921d-41e0-49bd-a96c-8c2d6e9976f5', 'Wild Workout: Yoga (Flamingos) - SOLD OUT', 'BUY NOW! Gate opens at 6 p.m. |  Class begins at 6:30 p.m.  Join the flamboyance during this low-impact, muscle strengthening workout. Focus on controlled movements as flamingos showcase the art of poise and balance nearby.    Join us for yoga in the wild! We’re partnering with Flex Appeal to continue special Wild Workouts at your Zoo this year. We will be offering five unique outdoor yoga classes after the Zoo closes, so you can stretch in some of your favorite exhibit spaces.  For beginners and seasoned practitioners alike, these yoga classes are designed to help you increase flexibility, strengthen muscles, and improve overall health and recovery. Closed-toed shoes are strongly encouraged. Guests are also encouraged to bring a refillable water bottle that can be used at the bottle refill stations around the Zoo.  Classes are $25 each, plus a processing fee, and are available online only. All fitness levels and abilities are welcome. Tickets must be purchased online prior to the workout in order to attend.  The front gate opens at 6:00 p.m. Classes begin at 6:30 p.m.  Yoga classes on sale now! Pilates and Barre coming soon.  Prices $25 per person plus processing fee  Classes sold out in 2025 — Reserve your spot early!         FITNESS EVENTS        Throo the Zoo 5K Run/Walk 2026 May 9, 2026 @ 8:00 am  Race on over for the WILDEST 5K in Louisville! This unique course doesn’t just go around the Zoo but takes you on a safari directly “throo” the Zoo! Participants receive a t-shirt, finishers medal, post-race refreshments, PLUS a ticket to visit the Zoo at a much slower pace!       Wild Workout: Yoga (Flamingos) – SOLD OUT May 13, 2026 @ 6:00 pm  Join the flamboyance during this low-impact, muscle strengthening workout. Focus on controlled movements as flamingos showcase the art of poise and balance nearby.     Wild Workout: Pilates (Red Panda) – SOLD OUT June 3, 2026 @ 6:00 pm  Admire and imitate the graceful balance of our red pandas as you stretch and unwind in front of this forested exhibit space.     Wild Workout: Yoga (Glacier Run) June 22, 2026 @ 6:00 pm  Join us in the arctic-inspired town of Glacier Run where you may see a grizzly or polar bear wandering about. It doesn’t matter if you can BEARly touch your toes, this workout is perfect for all fitness levels.      Wild Workout: Pilates (Giraffe) July 7, 2026 @ 6:00 pm  Find inspiration in nature as you stretch and strike a pose with our giraffe herd looking on.     Wild Workout: Yoga (Butterfly) July 22, 2026 @ 6:00 pm  Stretch your wings alongside our butterflies during this peaceful yoga session. Flitter inside our butterfly habitat post-workout to enjoy your animal inspiration up-close.      Wild Workout: Yoga (Colobus) August 1, 2026 @ 6:00 pm  Swing by and enjoy this one-of-a-kind workout after the Zoo closes. Increase your flexibility as you enjoy the sights and sounds of our colobus monkey family peering at you from their lush habitat.      Wild Workout: Pilates (Little Penguin) August 19, 2026 @ 6:00 pm  Enjoy a low-impact, muscle strengthening workout as our playful little penguins look on.      Wild Workout: Yoga (Giraffe) September 1, 2026 @ 6:00 pm  Find inspiration in nature as you stretch and strike a pose with our giraffe herd looking on. These gentle giants will soothe your mind and help you find inner peace after a long day     Wild Workout: Pilates (Pinniped) September 9, 2026 @ 6:00 pm  Find your flow at this low-impact, muscle strengthening workout as you watch our playful pinnipeds (seals and sea lions).     Throo the Boo 2026 November 7, 2026 @ 6:00 pm  Dash over and join us for the SWEETEST Fun Run in Louisville! This unique course doesn’t just go around the Zoo but takes you directly “throo” the Zoo along our popular Boo at the Zoo route.', '2026-05-13 22:00:00+00', '2026-05-13 23:30:00+00', 'America/New_York', 'Louisville Zoo, 1100 Trevilian Way, Louisville, KY, 40213, United States', 'Louisville Zoo, 1100 Trevilian Way, Louisville, KY, 40213, United States', '4f546c98-7985-4127-b472-c43254eb77c3', 38.2527000, -85.7585000, NULL, NULL, 25.00, false, 'https://louisvillezoo.org/event/wild-workout-yoga-flamingos/', 'Louisville Zoo Events', 'f0386301-e604-479b-bf96-7d55cb4662d5', '["https://louisvillezoo.org/wp-content/uploads/2026/03/2026-Wild-Workout-Header_May_Yoga.jpg"]', 'published', 0.750, NULL, false, 0, '''00'':184,230,295,333,366,417,444,481,529,554,598,629 ''1'':478,551 ''1100'':670,680 ''13'':292 ''19'':526 ''2025'':213 ''2026'':225,228,293,331,364,415,442,479,527,552,596,624,627 ''22'':363,441 ''25'':147,203 ''3'':330 ''30'':18,190 ''40213'':675,685 ''5k'':223,238 ''6'':12,17,183,189,294,332,365,416,443,480,528,553,597,628 ''7'':414,626 ''8'':229 ''9'':227,595 ''abil'':162 ''admir'':335 ''alik'':97 ''along'':660 ''alongsid'':449 ''also'':125 ''anim'':468 ''appeal'':57 ''arctic'':373 ''arctic-inspir'':372 ''around'':142,248,650 ''art'':39,316 ''attend'':177 ''august'':477,525 ''avail'':155 ''balanc'':43,320,340 ''barr'':199 ''bear'':387,397 ''begin'':15,187 ''beginn'':93 ''boo'':623,663 ''bottl'':132,139 ''bring'':128 ''butterfli'':439,451,460 ''buy'':7 ''class'':14,76,100,145,186,193,209 ''close'':80,117,472,497 ''closed-to'':116 ''colobus'':476,510 ''come'':200 ''continu'':59 ''control'':33,310 ''cours'':243,645 ''dash'':631 ''day'':589 ''design'':102 ''direct'':257,656 ''doesn'':244,391,646 ''earli'':217 ''encourag'':122,126 ''enjoy'':466,486,503,531 ''event'':219 ''exhibit'':90,355 ''famili'':512 ''favorit'':89 ''fee'':152,208 ''find'':419,556,583,600 ''finish'':267 ''fit'':159,218,407 ''five'':72 ''flamboy'':22,299 ''flamingo'':4,36,288,313 ''flex'':56 ''flexibl'':107,500 ''flitter'':457 ''flow'':602 ''focus'':31,308 ''forest'':354 ''front'':179,351 ''fun'':639 ''gate'':9,180 ''gentl'':574 ''giant'':575 ''giraff'':412,432,549,569 ''glacier'':360,377 ''go'':247,649 ''grace'':339 ''grizzli'':384 ''guest'':123 ''habitat'':461,519 ''health'':113 ''help'':104,581 ''herd'':433,570 ''imit'':337 ''impact'':27,304,535,607 ''improv'':111 ''increas'':106,498 ''inner'':584 ''insid'':458 ''inspir'':374,420,469,557 ''join'':20,45,297,368,634 ''juli'':413,440 ''june'':329,362 ''kind'':492 ''ky'':674,684 ''level'':160,408 ''lion'':620 ''littl'':523,542 ''long'':588 ''look'':434,544,571 ''louisvill'':240,642,668,673,678,683 ''low'':26,303,534,606 ''low-impact'':25,302,533,605 ''lush'':518 ''matter'':393 ''may'':226,291,381 ''medal'':268 ''mind'':579 ''monkey'':511 ''movement'':34,311 ''much'':282 ''muscl'':28,109,305,536,608 ''must'':166 ''natur'':422,559 ''nearbi'':44,321 ''novemb'':625 ''offer'':71 ''one'':489 ''one-of-a-kind'':488 ''onlin'':156,169 ''open'':10,181 ''order'':175 ''outdoor'':74 ''overal'':112 ''p.m'':13,19,185,191 ''pace'':284 ''panda'':326,344 ''particip'':261 ''partner'':54 ''peac'':454,585 ''peer'':513 ''penguin'':524,543 ''per'':204 ''perfect'':404 ''person'':205 ''pilat'':197,324,411,522,592 ''pinnip'':593,616 ''play'':541,615 ''plus'':149,206,273 ''pm'':296,334,367,418,445,482,530,555,599,630 ''pois'':41,318 ''polar'':386 ''popular'':662 ''pose'':429,566 ''post'':270,463 ''post-rac'':269 ''post-workout'':462 ''practition'':96 ''price'':202 ''prior'':170 ''process'':151,207 ''purchas'':168 ''race'':232,271 ''re'':53 ''receiv'':262 ''recoveri'':115 ''red'':325,343 ''refil'':130,140 ''refresh'':272 ''reserv'':214 ''rout'':667 ''run'':361,378,640 ''run/walk'':224 ''safari'':256 ''sale'':195 ''sea'':619 ''seal'':617 ''season'':95 ''see'':382 ''septemb'':550,594 ''session'':456 ''shirt'':266 ''shoe'':119 ''showcas'':37,314 ''sight'':505 ''slower'':283 ''sold'':5,210,289,327 ''soon'':201 ''sooth'':577 ''sound'':507 ''space'':91,356 ''special'':60 ''spot'':216 ''state'':677,687 ''station'':141 ''strengthen'':29,108,306,537,609 ''stretch'':84,347,425,446,562 ''strike'':427,564 ''strong'':121 ''sweetest'':638 ''swing'':483 ''t-shirt'':264 ''take'':252,654 ''throo'':220,258,621,657 ''ticket'':165,275 ''to'':118 ''toe'':400 ''touch'':398 ''town'':375 ''trevilian'':671,681 ''uniqu'':73,242,644 ''unit'':676,686 ''unwind'':349 ''up-clos'':470 ''us'':46,369,635 ''use'':136 ''visit'':277 ''wander'':388 ''watch'':613 ''water'':131 ''way'':672,682 ''welcom'':164 ''wild'':1,51,61,285,322,357,409,436,473,520,546,590 ''wildest'':237 ''wing'':448 ''workout'':2,30,62,173,286,307,323,358,402,410,437,464,474,493,521,538,547,591,610 ''year'':67 ''yoga'':3,48,75,99,192,287,359,438,455,475,548 ''zoo'':65,79,144,222,250,260,279,496,652,659,666,669,679', '2026-05-10 16:00:33.876197+00', '2026-05-10 19:05:59.085041+00', 'openai', true),
	('d4dfc22f-4f7f-4e8f-8895-f8f384a338c7', 'Early Childhood Pop-Up:  Young Zoologist', 'Young Zoologist Practice your observation skills and learn what it takes to be a zoologist. Find our young zoologist stations in the Islands Zone on Thursdays between 11 a.m. and 1 p.m. to help us track the behavior of some islands mammals. We’ll work on our observation skills by marking where animals are in the exhibits and what they’re doing. Guests will also be able to test their knowledge by identifying different types of animal scat or tracks.  Price FREE with Louisville Zoo membership or admission  About Early Childhood Pop-ups The fun will be popping up this spring and summer at the Zoo!  Perfect for young learners, these new pop-up programs invite families and their children to play, observe and learn in new ways all while visiting the Zoo! Use your imagination during free play in the Cub House, gather around for a story reading, think like a zookeeper with animal activity stations or go on a Litter Critter quest. Pop up programs are FREE with membership or admission to the Zoo. For a full list of details and available sessions, visit our website.         EARLY CHILDHOOD POP-UPS 2026 SCHEDULE        Animal Tales Classes from 10:30 a.m. – 11:30 a.m.    April 19: HerpAquarium April 28: Giraffe Exhibit May 5: Islands / Little Penguin Exhibit May 12: Tiger Taiga May 19: Red Panda Exhibit  Little Critters Classes held in the MetaZoo from 3 p.m. – 5 p.m.   April 15, April 22, April 29 May 6, May 13, May 20, May 27  Playtime in the Cub House Classes held  from 10:00 a.m. – 11:30 a.m. in the Snow Leopard Cub House presented by PNC.   March 28 April 4,  April 25  (April 11 Cancelled) May 2  Young Zoologist Classes held from 11 a.m. – 1 p.m. in the Islands Zone   April 2, April 9, April 16, April 23, April 30 May 7, May 14, May 21, May 28', '2026-05-14 15:00:00+00', '2026-05-14 17:00:00+00', 'America/New_York', 'Louisville Zoo', NULL, '4f546c98-7985-4127-b472-c43254eb77c3', 38.2051766, -85.7053359, 2, 6, NULL, true, 'https://louisvillezoo.org/event/early-childhood-pop-up-young-zoologist/2026-05-14/', 'Louisville Zoo Events', 'f0386301-e604-479b-bf96-7d55cb4662d5', '["https://louisvillezoo.org/wp-content/uploads/2026/03/2026-Early-Childhood-Popups-1140x500-1.jpg"]', 'published', 0.750, NULL, false, 0, '''00'':272 ''1'':38,304 ''10'':209,271 ''11'':35,212,274,293,302 ''12'':229 ''13'':258 ''14'':323 ''15'':250 ''16'':315 ''19'':216,233 ''2'':296,311 ''20'':260 ''2026'':203 ''21'':325 ''22'':252 ''23'':317 ''25'':291 ''27'':262 ''28'':219,287,327 ''29'':254 ''3'':245 ''30'':210,213,275,319 ''4'':289 ''5'':223,247 ''6'':256 ''7'':321 ''9'':313 ''a.m'':36,211,214,273,276,303 ''abl'':74 ''activ'':165 ''admiss'':95,182 ''also'':72 ''anim'':60,84,164,205 ''april'':215,218,249,251,253,288,290,292,310,312,314,316,318 ''around'':154 ''avail'':193 ''behavior'':45 ''cancel'':294 ''childhood'':2,98,199 ''children'':129 ''class'':207,239,268,299 ''critter'':172,238 ''cub'':151,266,281 ''detail'':191 ''differ'':81 ''earli'':1,97,198 ''exhibit'':64,221,227,236 ''famili'':126 ''find'':23 ''free'':89,147,178 ''full'':188 ''fun'':103 ''gather'':153 ''giraff'':220 ''go'':168 ''guest'':70 ''held'':240,269,300 ''help'':41 ''herpaquarium'':217 ''hous'':152,267,282 ''identifi'':80 ''imagin'':145 ''invit'':125 ''island'':30,48,224,308 ''knowledg'':78 ''learn'':15,134 ''learner'':118 ''leopard'':280 ''like'':160 ''list'':189 ''litter'':171 ''littl'':225,237 ''ll'':51 ''louisvill'':91,328 ''mammal'':49 ''march'':286 ''mark'':58 ''may'':222,228,232,255,257,259,261,295,320,322,324,326 ''membership'':93,180 ''metazoo'':243 ''new'':120,136 ''observ'':12,55,132 ''p.m'':39,246,248,305 ''panda'':235 ''penguin'':226 ''perfect'':115 ''play'':131,148 ''playtim'':263 ''pnc'':285 ''pop'':4,100,106,122,174,201 ''pop-up'':3,99,121,200 ''practic'':10 ''present'':283 ''price'':88 ''program'':124,176 ''quest'':173 ''re'':68 ''read'':158 ''red'':234 ''scat'':85 ''schedul'':204 ''session'':194 ''skill'':13,56 ''snow'':279 ''spring'':109 ''station'':27,166 ''stori'':157 ''summer'':111 ''taiga'':231 ''take'':18 ''tale'':206 ''test'':76 ''think'':159 ''thursday'':33 ''tiger'':230 ''track'':43,87 ''type'':82 ''up'':101,202 ''us'':42 ''use'':143 ''visit'':140,195 ''way'':137 ''websit'':197 ''work'':52 ''young'':6,8,25,117,297 ''zone'':31,309 ''zoo'':92,114,142,185,329 ''zookeep'':162 ''zoologist'':7,9,22,26,298', '2026-05-10 16:00:42.947041+00', '2026-05-10 19:05:59.085041+00', 'openai', true),
	('84a8197f-989b-4c1e-816e-a3529e0b1adb', 'Early Childhood Pop-Up:  Young Zoologist', 'Young Zoologist Practice your observation skills and learn what it takes to be a zoologist. Find our young zoologist stations in the Islands Zone on Thursdays between 11 a.m. and 1 p.m. to help us track the behavior of some islands mammals. We’ll work on our observation skills by marking where animals are in the exhibits and what they’re doing. Guests will also be able to test their knowledge by identifying different types of animal scat or tracks.  Price FREE with Louisville Zoo membership or admission  About Early Childhood Pop-ups The fun will be popping up this spring and summer at the Zoo!  Perfect for young learners, these new pop-up programs invite families and their children to play, observe and learn in new ways all while visiting the Zoo! Use your imagination during free play in the Cub House, gather around for a story reading, think like a zookeeper with animal activity stations or go on a Litter Critter quest. Pop up programs are FREE with membership or admission to the Zoo. For a full list of details and available sessions, visit our website.         EARLY CHILDHOOD POP-UPS 2026 SCHEDULE        Animal Tales Classes from 10:30 a.m. – 11:30 a.m.    April 19: HerpAquarium April 28: Giraffe Exhibit May 5: Islands / Little Penguin Exhibit May 12: Tiger Taiga May 19: Red Panda Exhibit  Little Critters Classes held in the MetaZoo from 3 p.m. – 5 p.m.   April 15, April 22, April 29 May 6, May 13, May 20, May 27  Playtime in the Cub House Classes held  from 10:00 a.m. – 11:30 a.m. in the Snow Leopard Cub House presented by PNC.   March 28 April 4,  April 25  (April 11 Cancelled) May 2  Young Zoologist Classes held from 11 a.m. – 1 p.m. in the Islands Zone   April 2, April 9, April 16, April 23, April 30 May 7, May 14, May 21, May 28', '2026-05-21 15:00:00+00', '2026-05-21 17:00:00+00', 'America/New_York', 'Louisville Zoo', NULL, '4f546c98-7985-4127-b472-c43254eb77c3', 38.2051766, -85.7053359, 2, 6, NULL, true, 'https://louisvillezoo.org/event/early-childhood-pop-up-young-zoologist/2026-05-21/', 'Louisville Zoo Events', 'f0386301-e604-479b-bf96-7d55cb4662d5', '["https://louisvillezoo.org/wp-content/uploads/2026/03/2026-Early-Childhood-Popups-1140x500-1.jpg"]', 'published', 0.750, NULL, false, 0, '''00'':272 ''1'':38,304 ''10'':209,271 ''11'':35,212,274,293,302 ''12'':229 ''13'':258 ''14'':323 ''15'':250 ''16'':315 ''19'':216,233 ''2'':296,311 ''20'':260 ''2026'':203 ''21'':325 ''22'':252 ''23'':317 ''25'':291 ''27'':262 ''28'':219,287,327 ''29'':254 ''3'':245 ''30'':210,213,275,319 ''4'':289 ''5'':223,247 ''6'':256 ''7'':321 ''9'':313 ''a.m'':36,211,214,273,276,303 ''abl'':74 ''activ'':165 ''admiss'':95,182 ''also'':72 ''anim'':60,84,164,205 ''april'':215,218,249,251,253,288,290,292,310,312,314,316,318 ''around'':154 ''avail'':193 ''behavior'':45 ''cancel'':294 ''childhood'':2,98,199 ''children'':129 ''class'':207,239,268,299 ''critter'':172,238 ''cub'':151,266,281 ''detail'':191 ''differ'':81 ''earli'':1,97,198 ''exhibit'':64,221,227,236 ''famili'':126 ''find'':23 ''free'':89,147,178 ''full'':188 ''fun'':103 ''gather'':153 ''giraff'':220 ''go'':168 ''guest'':70 ''held'':240,269,300 ''help'':41 ''herpaquarium'':217 ''hous'':152,267,282 ''identifi'':80 ''imagin'':145 ''invit'':125 ''island'':30,48,224,308 ''knowledg'':78 ''learn'':15,134 ''learner'':118 ''leopard'':280 ''like'':160 ''list'':189 ''litter'':171 ''littl'':225,237 ''ll'':51 ''louisvill'':91,328 ''mammal'':49 ''march'':286 ''mark'':58 ''may'':222,228,232,255,257,259,261,295,320,322,324,326 ''membership'':93,180 ''metazoo'':243 ''new'':120,136 ''observ'':12,55,132 ''p.m'':39,246,248,305 ''panda'':235 ''penguin'':226 ''perfect'':115 ''play'':131,148 ''playtim'':263 ''pnc'':285 ''pop'':4,100,106,122,174,201 ''pop-up'':3,99,121,200 ''practic'':10 ''present'':283 ''price'':88 ''program'':124,176 ''quest'':173 ''re'':68 ''read'':158 ''red'':234 ''scat'':85 ''schedul'':204 ''session'':194 ''skill'':13,56 ''snow'':279 ''spring'':109 ''station'':27,166 ''stori'':157 ''summer'':111 ''taiga'':231 ''take'':18 ''tale'':206 ''test'':76 ''think'':159 ''thursday'':33 ''tiger'':230 ''track'':43,87 ''type'':82 ''up'':101,202 ''us'':42 ''use'':143 ''visit'':140,195 ''way'':137 ''websit'':197 ''work'':52 ''young'':6,8,25,117,297 ''zone'':31,309 ''zoo'':92,114,142,185,329 ''zookeep'':162 ''zoologist'':7,9,22,26,298', '2026-05-10 16:01:39.412251+00', '2026-05-10 19:05:59.085041+00', 'openai', true),
	('91e23233-3c1b-421d-97a1-106bb9b32dd4', 'Wildlife Photography (Spring 2026) - SOLD OUT', 'Tickets on Sale!  buy now  Saturday, May 16 from 9 – 11 a.m. $60 non-member/ $40 members  — price includes all-day admission to the Zoo!  Calling all budding photographers!    Interested in getting your start in wildlife photography? The Louisville Zoo and Murphy’s Camera are here to help!  Murphy’s Camera’s Education Coordinator Ayrica Bishop will introduce you to camera basics, the exposure triangle, composition, and how to make the most of available light. A Zoo staffer will share tips on animal behaviors to watch for and the best moments to gather dynamic action shots throughout the Zoo.  Designed for teens and adults with little to no wildlife photography experience, this hands-on session goes beyond the classroom and into the Zoo. In May, participants will begin in the MetaZoo with the smaller animals to practice techniques like photographing through glass, then head into the Africa Zone to photograph giraffes (with no visual barriers) colobus monkeys (to practice photographing through mesh) and gorillas (to practice photographing through glass). Following this itinerary, participants are free to roam the Zoo on their own to snap those special moments.  Stay tuned here for what is planned for September.  buy now   ', '2026-05-16 13:00:00+00', '2026-05-16 15:00:00+00', 'America/New_York', 'Louisville Zoo, 1100 Trevilian Way, Louisville, KY, 40213, United States', 'Louisville Zoo, 1100 Trevilian Way, Louisville, KY, 40213, United States', '4f546c98-7985-4127-b472-c43254eb77c3', 38.2527000, -85.7585000, 13, NULL, 60.00, true, 'https://louisvillezoo.org/event/wildlife-photography-spring-2026/', 'Louisville Zoo Events', 'f0386301-e604-479b-bf96-7d55cb4662d5', '["https://louisvillezoo.org/wp-content/uploads/2026/03/2026-Wildlife-Photography-1140x500-1.jpg"]', 'published', 0.783, NULL, false, 0, '''11'':17 ''1100'':210,220 ''16'':14 ''2026'':4 ''40'':23 ''40213'':215,225 ''60'':19 ''9'':16 ''a.m'':18 ''action'':103 ''admiss'':30 ''adult'':112 ''africa'':156 ''all-day'':27 ''anim'':91,144 ''avail'':82 ''ayrica'':63 ''barrier'':164 ''basic'':70 ''begin'':137 ''behavior'':92 ''best'':98 ''beyond'':126 ''bishop'':64 ''bud'':36 ''buy'':10,206 ''call'':34 ''camera'':52,59,69 ''classroom'':128 ''colobus'':165 ''composit'':74 ''coordin'':62 ''day'':29 ''design'':108 ''dynam'':102 ''educ'':61 ''experi'':119 ''exposur'':72 ''follow'':179 ''free'':184 ''gather'':101 ''get'':40 ''giraff'':160 ''glass'':151,178 ''goe'':125 ''gorilla'':173 ''hand'':122 ''hands-on'':121 ''head'':153 ''help'':56 ''includ'':26 ''interest'':38 ''introduc'':66 ''itinerari'':181 ''ky'':214,224 ''light'':83 ''like'':148 ''littl'':114 ''louisvill'':47,208,213,218,223 ''make'':78 ''may'':13,134 ''member'':22,24 ''mesh'':171 ''metazoo'':140 ''moment'':99,196 ''monkey'':166 ''murphi'':50,57 ''non'':21 ''non-memb'':20 ''particip'':135,182 ''photograph'':37,149,159,169,176 ''photographi'':2,45,118 ''plan'':203 ''practic'':146,168,175 ''price'':25 ''roam'':186 ''sale'':9 ''saturday'':12 ''septemb'':205 ''session'':124 ''share'':88 ''shot'':104 ''smaller'':143 ''snap'':193 ''sold'':5 ''special'':195 ''spring'':3 ''staffer'':86 ''start'':42 ''state'':217,227 ''stay'':197 ''techniqu'':147 ''teen'':110 ''throughout'':105 ''ticket'':7 ''tip'':89 ''trevilian'':211,221 ''triangl'':73 ''tune'':198 ''unit'':216,226 ''visual'':163 ''watch'':94 ''way'':212,222 ''wildlif'':1,44,117 ''zone'':157 ''zoo'':33,48,85,107,132,188,209,219', '2026-05-10 16:00:57.73557+00', '2026-05-10 19:05:59.085041+00', 'openai', true),
	('73fd2c8a-84e9-466f-b60d-de5c5c1350a5', 'Storybook Character Day (2026)', 'Saturday, May 16 10 a.m. to 2 p.m. Free with Zoo admission or membership  We’re fully booked with friends like Curious George, Clifford, Pete the Cat and more! Join us as your favorite characters hop straight off the page and right to your Zoo! Character meet and greets are FREE with Zoo admission or your Louisville Zoo Membership.  Characters will rotate every 30 minutes at spots throughout the Zoo. Check signs on the day of your visit for specific character locations.  Characters appearing   Curious George Pete the Cat Clifford the Big Red Dog Paddington Bear Llama Llama Mouse (If You Give a Mouse a Cookie)    Character meet and greets are FREE with Zoo admission or your Louisville Zoo Membership.  About Meet Me at the Zoo Imagination comes to life as kids (and kids-at-heart) meet some of their favorite characters from books, movies and more throughout the Zoo during this fun event series. Character meet and greets are FREE with Zoo admission or your Louisville Zoo Membership.  You’ll have multiple opportunities throughout the year to meet some of your favorite characters.  presented by          Meet Me at the Zoo        March 28 & 29 Bunny Hop Hop over for an EGGstra fun time as you meet the Easter Bunny, hunt for eggs and more.May 16 Storybook Character Day Your favorite characters hop straight off the page and into your Zoo. Meet Curious George, Pete the Cat and more!  June 6 Super Summer Saturday Fly, jump or warp your way over to the Zoo to visit with some of your favorite superheroes, here to kick off the summer season.  July 18 Summer Santa It’s a jolly summer holiday as Santa and Mrs. Claus stop at your Zoo while on vacation  August 8 Royal Rendezvous Join some of your favorite princesses as they close out the summer season with a special soiree at the Zoo.', '2026-05-16 14:00:00+00', '2026-05-16 18:00:00+00', 'America/New_York', 'Louisville Zoo, 1100 Trevilian Way, Louisville, KY, 40213, United States', 'Louisville Zoo, 1100 Trevilian Way, Louisville, KY, 40213, United States', '4f546c98-7985-4127-b472-c43254eb77c3', 38.2527000, -85.7585000, NULL, NULL, NULL, true, 'https://louisvillezoo.org/event/storybook-character-day-2026/', 'Louisville Zoo Events', 'f0386301-e604-479b-bf96-7d55cb4662d5', '["https://louisvillezoo.org/wp-content/uploads/2026/02/hdr_Event_2026-Meet-Me-at-the-Zoo-1140x500_Storybook-Character-Day.jpg"]', 'published', 0.833, NULL, false, 0, '''10'':8 ''1100'':322,332 ''16'':7,220 ''18'':275 ''2'':11 ''2026'':4 ''28'':198 ''29'':199 ''30'':68 ''40213'':327,337 ''6'':245 ''8'':297 ''a.m'':9 ''admiss'':16,58,119,169 ''appear'':88 ''august'':296 ''bear'':100 ''big'':96 ''book'':22,149 ''bunni'':200,214 ''cat'':31,93,241 ''charact'':2,39,50,64,85,87,111,147,161,189,222,226 ''check'':75 ''claus'':288 ''clifford'':28,94 ''close'':308 ''come'':132 ''cooki'':110 ''curious'':26,89,237 ''day'':3,79,223 ''dog'':98 ''easter'':213 ''egg'':217 ''eggstra'':206 ''event'':159 ''everi'':67 ''favorit'':38,146,188,225,265,304 ''fli'':249 ''free'':13,55,116,166 ''friend'':24 ''fulli'':21 ''fun'':158,207 ''georg'':27,90,238 ''give'':106 ''greet'':53,114,164 ''heart'':141 ''holiday'':283 ''hop'':40,201,202,227 ''hunt'':215 ''imagin'':131 ''join'':34,300 ''jolli'':281 ''juli'':274 ''jump'':250 ''june'':244 ''kick'':269 ''kid'':136,139 ''kids-at-heart'':138 ''ky'':326,336 ''life'':134 ''like'':25 ''ll'':176 ''llama'':101,102 ''locat'':86 ''louisvill'':61,122,172,320,325,330,335 ''march'':197 ''may'':6 ''meet'':51,112,126,142,162,184,192,211,236 ''membership'':18,63,124,174 ''minut'':69 ''more.may'':219 ''mous'':103,108 ''movi'':150 ''mrs'':287 ''multipl'':178 ''opportun'':179 ''p.m'':12 ''paddington'':99 ''page'':44,231 ''pete'':29,91,239 ''present'':190 ''princess'':305 ''re'':20 ''red'':97 ''rendezv'':299 ''right'':46 ''rotat'':66 ''royal'':298 ''santa'':277,285 ''saturday'':5,248 ''season'':273,312 ''seri'':160 ''sign'':76 ''soire'':316 ''special'':315 ''specif'':84 ''spot'':71 ''state'':329,339 ''stop'':289 ''storybook'':1,221 ''straight'':41,228 ''summer'':247,272,276,282,311 ''super'':246 ''superhero'':266 ''throughout'':72,153,180 ''time'':208 ''trevilian'':323,333 ''unit'':328,338 ''us'':35 ''vacat'':295 ''visit'':82,260 ''warp'':252 ''way'':254,324,334 ''year'':182 ''zoo'':15,49,57,62,74,118,123,130,155,168,173,196,235,258,292,319,321,331', '2026-05-10 16:01:05.234183+00', '2026-05-10 19:05:59.085041+00', 'openai', true),
	('4a533146-971e-4f7d-ab92-ad05f8df2a32', 'Single Day Camp - May 19, 2026 "Jaws and Claws" - SOLD OUT', 'Program designed for ages Kindergarten through 2nd Grade Dive into the world of powerful adaptations. Campers will examine how animals use their jaws and claws in sometimes unexpected ways, from tigers gently carrying cubs to armadillos digging with precision.  Prices Members: $70 Non-Members: $75  REGISTER ONLINE', '2026-05-19 12:30:00+00', '2026-05-19 21:00:00+00', 'America/New_York', 'Louisville Zoo, 1100 Trevilian Way, Louisville, KY, 40213, United States', 'Louisville Zoo, 1100 Trevilian Way, Louisville, KY, 40213, United States', '4f546c98-7985-4127-b472-c43254eb77c3', 38.2527000, -85.7585000, 5, 8, 70.00, false, 'https://louisvillezoo.org/event/single-day-camp-may-19-2026-jaws-and-claws/', 'Louisville Zoo Events', 'f0386301-e604-479b-bf96-7d55cb4662d5', '["https://louisvillezoo.org/wp-content/uploads/2025/12/2026-Single-Day-Camp-Header_Jaws-and-Claws.jpg"]', 'published', 0.650, NULL, false, 0, '''1100'':62,72 ''19'':5 ''2026'':6 ''2nd'':18 ''40213'':67,77 ''70'':53 ''75'':57 ''adapt'':26 ''age'':15 ''anim'':31 ''armadillo'':47 ''camp'':3 ''camper'':27 ''carri'':44 ''claw'':9,36 ''cub'':45 ''day'':2 ''design'':13 ''dig'':48 ''dive'':20 ''examin'':29 ''gentl'':43 ''grade'':19 ''jaw'':7,34 ''kindergarten'':16 ''ky'':66,76 ''louisvill'':60,65,70,75 ''may'':4 ''member'':52,56 ''non'':55 ''non-memb'':54 ''onlin'':59 ''power'':25 ''precis'':50 ''price'':51 ''program'':12 ''regist'':58 ''singl'':1 ''sold'':10 ''sometim'':38 ''state'':69,79 ''tiger'':42 ''trevilian'':63,73 ''unexpect'':39 ''unit'':68,78 ''use'':32 ''way'':40,64,74 ''world'':23 ''zoo'':61,71', '2026-05-10 16:01:11.923607+00', '2026-05-10 19:05:59.085041+00', 'openai', true),
	('a4653427-602d-4ea8-a538-3e2b716fc83a', 'Early Childhood Pop-Up:  Animal Tales - Red Panda Exhibit', 'Animal Tales Join us at select animal exhibits to hear a story and test your animal imitation skills with a movement activity!  Guests can join us at selected animal exhibits for a story time throughout the spring. We’ll read 1 or 2 books and practice our animal imitation skills with a movement challenge related to the animal we’re featuring each week. See below for the dates, times, featured animals, and book selections.  HerpAquarium Books  All The Love in The World written by Rose Bunting and illustrated by Olivia Chin Mueller How This Book Got Red written by Margaret Chiu Greanias and illustrated by Melissa Iwai  Price FREE with Louisville Zoo membership or admission  About Early Childhood Pop-ups The fun will be popping up this spring and summer at the Zoo!  Perfect for young learners, these new pop-up programs invite families and their children to play, observe and learn in new ways all while visiting the Zoo! Use your imagination during free play in the Cub House, gather around for a story reading, think like a zookeeper with animal activity stations or go on a Litter Critter quest. Pop up programs are FREE with membership or admission to the Zoo. For a full list of details and available sessions, visit our website.         EARLY CHILDHOOD POP-UPS 2026 SCHEDULE        Animal Tales Classes from 10:30 a.m. – 11:30 a.m.    April 19: HerpAquarium April 28: Giraffe Exhibit May 5: Islands / Little Penguin Exhibit May 12: Tiger Taiga May 19: Red Panda Exhibit  Little Critters Classes held in the MetaZoo from 3 p.m. – 5 p.m.   April 15, April 22, April 29 May 6, May 13, May 20, May 27  Playtime in the Cub House Classes held  from 10:00 a.m. – 11:30 a.m. in the Snow Leopard Cub House presented by PNC.   March 28 April 4,  April 25  (April 11 Cancelled) May 2  Young Zoologist Classes held from 11 a.m. – 1 p.m. in the Islands Zone   April 2, April 9, April 16, April 23, April 30 May 7, May 14, May 21, May 28', '2026-05-19 14:30:00+00', '2026-05-19 15:30:00+00', 'America/New_York', 'Louisville Zoo', NULL, '4f546c98-7985-4127-b472-c43254eb77c3', 38.2051766, -85.7053359, 0, 5, NULL, true, 'https://louisvillezoo.org/event/early-childhood-pop-up-animal-tales-red-panda-exhibit/', 'Louisville Zoo Events', 'f0386301-e604-479b-bf96-7d55cb4662d5', '["https://louisvillezoo.org/wp-content/uploads/2026/03/2026-Early-Childhood-Popups-1140x500_Animal-Tales-Red-Panda.jpg"]', 'published', 0.817, NULL, false, 0, '''00'':302 ''1'':51,334 ''10'':239,301 ''11'':242,304,323,332 ''12'':259 ''13'':288 ''14'':353 ''15'':280 ''16'':345 ''19'':246,263 ''2'':53,326,341 ''20'':290 ''2026'':233 ''21'':355 ''22'':282 ''23'':347 ''25'':321 ''27'':292 ''28'':249,317,357 ''29'':284 ''3'':275 ''30'':240,243,305,349 ''4'':319 ''5'':253,277 ''6'':286 ''7'':351 ''9'':343 ''a.m'':241,244,303,306,333 ''activ'':32,195 ''admiss'':125,212 ''anim'':6,11,17,26,39,58,68,81,194,235 ''april'':245,248,279,281,283,318,320,322,340,342,344,346,348 ''around'':184 ''avail'':223 ''book'':54,83,86,105 ''bunt'':96 ''cancel'':324 ''challeng'':64 ''childhood'':2,128,229 ''children'':159 ''chin'':101 ''chiu'':111 ''class'':237,269,298,329 ''critter'':202,268 ''cub'':181,296,311 ''date'':78 ''detail'':221 ''earli'':1,127,228 ''exhibit'':10,18,40,251,257,266 ''famili'':156 ''featur'':71,80 ''free'':119,177,208 ''full'':218 ''fun'':133 ''gather'':183 ''giraff'':250 ''go'':198 ''got'':106 ''greania'':112 ''guest'':33 ''hear'':20 ''held'':270,299,330 ''herpaquarium'':85,247 ''hous'':182,297,312 ''illustr'':98,114 ''imagin'':175 ''imit'':27,59 ''invit'':155 ''island'':254,338 ''iwai'':117 ''join'':13,35 ''learn'':164 ''learner'':148 ''leopard'':310 ''like'':190 ''list'':219 ''litter'':201 ''littl'':255,267 ''ll'':49 ''louisvill'':121,358 ''love'':89 ''march'':316 ''margaret'':110 ''may'':252,258,262,285,287,289,291,325,350,352,354,356 ''melissa'':116 ''membership'':123,210 ''metazoo'':273 ''movement'':31,63 ''mueller'':102 ''new'':150,166 ''observ'':162 ''olivia'':100 ''p.m'':276,278,335 ''panda'':9,265 ''penguin'':256 ''perfect'':145 ''play'':161,178 ''playtim'':293 ''pnc'':315 ''pop'':4,130,136,152,204,231 ''pop-up'':3,129,151,230 ''practic'':56 ''present'':313 ''price'':118 ''program'':154,206 ''quest'':203 ''re'':70 ''read'':50,188 ''red'':8,107,264 ''relat'':65 ''rose'':95 ''schedul'':234 ''see'':74 ''select'':16,38,84 ''session'':224 ''skill'':28,60 ''snow'':309 ''spring'':47,139 ''station'':196 ''stori'':22,43,187 ''summer'':141 ''taiga'':261 ''tale'':7,12,236 ''test'':24 ''think'':189 ''throughout'':45 ''tiger'':260 ''time'':44,79 ''up'':131,232 ''us'':14,36 ''use'':173 ''visit'':170,225 ''way'':167 ''websit'':227 ''week'':73 ''world'':92 ''written'':93,108 ''young'':147,327 ''zone'':339 ''zoo'':122,144,172,215,359 ''zookeep'':192 ''zoologist'':328', '2026-05-10 16:01:22.520159+00', '2026-05-10 19:05:59.085041+00', 'openai', true),
	('f3fb2170-8785-438b-a7be-611113acd57e', 'Wild Workout: Yoga (Glacier Run)', 'BUY NOW! Gate opens at 6 p.m. |  Class begins at 6:30 p.m.  Join us in the arctic-inspired town of Glacier Run where you may see a grizzly or polar bear wandering about. It doesn’t matter if you can BEARly touch your toes, this workout is perfect for all fitness levels.     Join us for yoga in the wild! We’re partnering with Flex Appeal to continue special Wild Workouts at your Zoo this year. We will be offering five unique outdoor yoga classes after the Zoo closes, so you can stretch in some of your favorite exhibit spaces.  For beginners and seasoned practitioners alike, these yoga classes are designed to help you increase flexibility, strengthen muscles, and improve overall health and recovery. Closed-toed shoes are strongly encouraged. Guests are also encouraged to bring a refillable water bottle that can be used at the bottle refill stations around the Zoo.  Classes are $25 each, plus a processing fee, and are available online only. All fitness levels and abilities are welcome. Tickets must be purchased online prior to the workout in order to attend.  The front gate opens at 6:00 p.m. Classes begin at 6:30 p.m.  Yoga classes on sale now! Pilates and Barre coming soon.  Prices $25 per person plus processing fee  Classes sold out in 2025 — Reserve your spot early!         FITNESS EVENTS        Throo the Zoo 5K Run/Walk 2026 May 9, 2026 @ 8:00 am  Race on over for the WILDEST 5K in Louisville! This unique course doesn’t just go around the Zoo but takes you on a safari directly “throo” the Zoo! Participants receive a t-shirt, finishers medal, post-race refreshments, PLUS a ticket to visit the Zoo at a much slower pace!       Wild Workout: Yoga (Flamingos) – SOLD OUT May 13, 2026 @ 6:00 pm  Join the flamboyance during this low-impact, muscle strengthening workout. Focus on controlled movements as flamingos showcase the art of poise and balance nearby.     Wild Workout: Pilates (Red Panda) – SOLD OUT June 3, 2026 @ 6:00 pm  Admire and imitate the graceful balance of our red pandas as you stretch and unwind in front of this forested exhibit space.     Wild Workout: Yoga (Glacier Run) June 22, 2026 @ 6:00 pm  Join us in the arctic-inspired town of Glacier Run where you may see a grizzly or polar bear wandering about. It doesn’t matter if you can BEARly touch your toes, this workout is perfect for all fitness levels.      Wild Workout: Pilates (Giraffe) July 7, 2026 @ 6:00 pm  Find inspiration in nature as you stretch and strike a pose with our giraffe herd looking on.     Wild Workout: Yoga (Butterfly) July 22, 2026 @ 6:00 pm  Stretch your wings alongside our butterflies during this peaceful yoga session. Flitter inside our butterfly habitat post-workout to enjoy your animal inspiration up-close.      Wild Workout: Yoga (Colobus) August 1, 2026 @ 6:00 pm  Swing by and enjoy this one-of-a-kind workout after the Zoo closes. Increase your flexibility as you enjoy the sights and sounds of our colobus monkey family peering at you from their lush habitat.      Wild Workout: Pilates (Little Penguin) August 19, 2026 @ 6:00 pm  Enjoy a low-impact, muscle strengthening workout as our playful little penguins look on.      Wild Workout: Yoga (Giraffe) September 1, 2026 @ 6:00 pm  Find inspiration in nature as you stretch and strike a pose with our giraffe herd looking on. These gentle giants will soothe your mind and help you find inner peace after a long day     Wild Workout: Pilates (Pinniped) September 9, 2026 @ 6:00 pm  Find your flow at this low-impact, muscle strengthening workout as you watch our playful pinnipeds (seals and sea lions).     Throo the Boo 2026 November 7, 2026 @ 6:00 pm  Dash over and join us for the SWEETEST Fun Run in Louisville! This unique course doesn’t just go around the Zoo but takes you directly “throo” the Zoo along our popular Boo at the Zoo route.', '2026-06-22 22:00:00+00', '2026-06-22 23:30:00+00', 'America/New_York', 'Louisville Zoo, 1100 Trevilian Way, Louisville, KY, 40213, United States', 'Louisville Zoo, 1100 Trevilian Way, Louisville, KY, 40213, United States', '4f546c98-7985-4127-b472-c43254eb77c3', 38.2527000, -85.7585000, NULL, NULL, 25.00, false, 'https://louisvillezoo.org/event/wild-workout-yoga-glacier-run/', 'Louisville Zoo Events', 'f0386301-e604-479b-bf96-7d55cb4662d5', '["https://louisvillezoo.org/wp-content/uploads/2026/03/2026-Wild-Workout-Header_June_Yoga.jpg"]', 'published', 0.750, NULL, false, 0, '''00'':199,245,310,348,381,432,459,496,544,569,613,644 ''1'':493,566 ''1100'':685,695 ''13'':307 ''19'':541 ''2025'':228 ''2026'':240,243,308,346,379,430,457,494,542,567,611,639,642 ''22'':378,456 ''25'':162,218 ''3'':345 ''30'':17,205 ''40213'':690,700 ''5k'':238,253 ''6'':11,16,198,204,309,347,380,431,458,495,543,568,612,643 ''7'':429,641 ''8'':244 ''9'':242,610 ''abil'':177 ''admir'':350 ''alik'':112 ''along'':675 ''alongsid'':464 ''also'':140 ''anim'':483 ''appeal'':72 ''arctic'':24,388 ''arctic-inspir'':23,387 ''around'':157,263,665 ''art'':331 ''attend'':192 ''august'':492,540 ''avail'':170 ''balanc'':335,355 ''barr'':214 ''bear'':38,48,402,412 ''begin'':14,202 ''beginn'':108 ''boo'':638,678 ''bottl'':147,154 ''bring'':143 ''butterfli'':454,466,475 ''buy'':6 ''class'':13,91,115,160,201,208,224 ''close'':95,132,487,512 ''closed-to'':131 ''colobus'':491,525 ''come'':215 ''continu'':74 ''control'':325 ''cours'':258,660 ''dash'':646 ''day'':604 ''design'':117 ''direct'':272,671 ''doesn'':42,259,406,661 ''earli'':232 ''encourag'':137,141 ''enjoy'':481,501,518,546 ''event'':234 ''exhibit'':105,370 ''famili'':527 ''favorit'':104 ''fee'':167,223 ''find'':434,571,598,615 ''finish'':282 ''fit'':58,174,233,422 ''five'':87 ''flamboy'':314 ''flamingo'':303,328 ''flex'':71 ''flexibl'':122,515 ''flitter'':472 ''flow'':617 ''focus'':323 ''forest'':369 ''front'':194,366 ''fun'':654 ''gate'':8,195 ''gentl'':589 ''giant'':590 ''giraff'':427,447,564,584 ''glacier'':4,28,375,392 ''go'':262,664 ''grace'':354 ''grizzli'':35,399 ''guest'':138 ''habitat'':476,534 ''health'':128 ''help'':119,596 ''herd'':448,585 ''imit'':352 ''impact'':319,550,622 ''improv'':126 ''increas'':121,513 ''inner'':599 ''insid'':473 ''inspir'':25,389,435,484,572 ''join'':19,60,312,383,649 ''juli'':428,455 ''june'':344,377 ''kind'':507 ''ky'':689,699 ''level'':59,175,423 ''lion'':635 ''littl'':538,557 ''long'':603 ''look'':449,559,586 ''louisvill'':255,657,683,688,693,698 ''low'':318,549,621 ''low-impact'':317,548,620 ''lush'':533 ''matter'':44,408 ''may'':32,241,306,396 ''medal'':283 ''mind'':594 ''monkey'':526 ''movement'':326 ''much'':297 ''muscl'':124,320,551,623 ''must'':181 ''natur'':437,574 ''nearbi'':336 ''novemb'':640 ''offer'':86 ''one'':504 ''one-of-a-kind'':503 ''onlin'':171,184 ''open'':9,196 ''order'':190 ''outdoor'':89 ''overal'':127 ''p.m'':12,18,200,206 ''pace'':299 ''panda'':341,359 ''particip'':276 ''partner'':69 ''peac'':469,600 ''peer'':528 ''penguin'':539,558 ''per'':219 ''perfect'':55,419 ''person'':220 ''pilat'':212,339,426,537,607 ''pinnip'':608,631 ''play'':556,630 ''plus'':164,221,288 ''pm'':311,349,382,433,460,497,545,570,614,645 ''pois'':333 ''polar'':37,401 ''popular'':677 ''pose'':444,581 ''post'':285,478 ''post-rac'':284 ''post-workout'':477 ''practition'':111 ''price'':217 ''prior'':185 ''process'':166,222 ''purchas'':183 ''race'':247,286 ''re'':68 ''receiv'':277 ''recoveri'':130 ''red'':340,358 ''refil'':145,155 ''refresh'':287 ''reserv'':229 ''rout'':682 ''run'':5,29,376,393,655 ''run/walk'':239 ''safari'':271 ''sale'':210 ''sea'':634 ''seal'':632 ''season'':110 ''see'':33,397 ''septemb'':565,609 ''session'':471 ''shirt'':281 ''shoe'':134 ''showcas'':329 ''sight'':520 ''slower'':298 ''sold'':225,304,342 ''soon'':216 ''sooth'':592 ''sound'':522 ''space'':106,371 ''special'':75 ''spot'':231 ''state'':692,702 ''station'':156 ''strengthen'':123,321,552,624 ''stretch'':99,362,440,461,577 ''strike'':442,579 ''strong'':136 ''sweetest'':653 ''swing'':498 ''t-shirt'':279 ''take'':267,669 ''throo'':235,273,636,672 ''ticket'':180,290 ''to'':133 ''toe'':51,415 ''touch'':49,413 ''town'':26,390 ''trevilian'':686,696 ''uniqu'':88,257,659 ''unit'':691,701 ''unwind'':364 ''up-clos'':485 ''us'':20,61,384,650 ''use'':151 ''visit'':292 ''wander'':39,403 ''watch'':628 ''water'':146 ''way'':687,697 ''welcom'':179 ''wild'':1,66,76,300,337,372,424,451,488,535,561,605 ''wildest'':252 ''wing'':463 ''workout'':2,53,77,188,301,322,338,373,417,425,452,479,489,508,536,553,562,606,625 ''year'':82 ''yoga'':3,63,90,114,207,302,374,453,470,490,563 ''zoo'':80,94,159,237,265,275,294,511,667,674,681,684,694', '2026-05-10 16:03:11.943386+00', '2026-05-10 19:05:59.085041+00', 'openai', true),
	('f7e65d1a-1c76-468e-a877-df7d74424742', 'Conservation and Conversations: Soil (Virtual)', 'Join us for a discussion on the book Soil: The Story of a Black Mother’s Garden by Camille T. Dungy.  Conservation AND Conversations Dates: Final Wednesday of each month Virtual sessions: Check dates for times. Sessions on Google Meet Recordings available for registered participants upon request. In-person sessions: Check dates for times and locations. Cost: FREE with admission or membership to the Louisville Zoo.   Join the conversation! Talk with Louisville Zoo staff and knowledgeable guest presenters about a variety of conservation and environmental topics. Each month will focus on a different broad topic (like healthy ecosystem function or native plant management). Discussions will be guided by an expert guest presenter or a chosen book.   Participants will receive two to four emails per month with invitations to the monthly sessions, background information on topics and speakers, links to further learning resources and media recommendations, as well as opportunities to provide program feedback. You may request to be removed from our email list at any time.    Free Online Reservation              Conservation and Conversations Schedule         Conservation and Conversations: Polar Bears International (Virtual Session) February 25, 2026 @ 2:00 pm  Excited about polar bears? Join us this month as we celebrate international polar bear day and learn from the experts at Polar Bears International about the latest research and conservation efforts for these bears and the sea ice they depend on.        Conservation and Conversations: Beaverland (Virtual) Virtual:  March 25 at 2 p.m. In-Person:  March 28 at 2 p.m.   This month we are reading Beaverland: How One Weird Rodent Made America by Leila Philip. Our discussion will center on the book and what we can learn about and from these amazing animals.       Conservation and Conversations: kNOw Waste (Virtual) April 29, 2026 @ 2:00 pm  Join us this month to learn from experts from kNOw Waste about our waste systems and the ways microplastics are spreading throughout our world.       Conservation and Conversations: Urban Wildlife May 27, 2026 @ 2:00 pm  Guest Presenter: wildlife disease ecologist Jake Shurba, Ph.D. student with Clemson University        Conservation and Conversations: Soil (Virtual) Virtual:  June 24 at 2 p.m. In-Person:  June 27 at 2 p.m.   Join us for a discussion on the book Soil: The Story of a Black Mother’s Garden by Camille T. Dungy.        Conservation and Conversations: Tigers (Virtual) July 29, 2026 @ 2:00 pm  More information coming soon! Guest Presenter to be announced.        Conservation and Conversations: Urban Green Space (Virtual) August 26, 2026 @ 2:00 pm  More information coming soon! Guest Presenter to be announced.        Conservation and Conversations: Fuzz (In Person) In-Person:  Sept. 26 at 2 p.m. Virtual:  Sept. 30 at 2 p.m.   Book Discussion on Fuzz: When Nature Breaks the Law by Mary Roach                   More Family Events       Looking for more Education Events and programs?  Learn more!', '2026-06-24 18:00:00+00', '2026-06-24 19:00:00+00', 'America/New_York', 'Virtual Event', 'Virtual Event', '4f546c98-7985-4127-b472-c43254eb77c3', 38.2527000, -85.7585000, NULL, NULL, NULL, true, 'https://louisvillezoo.org/event/conservation-and-conversations-soil-virtual/', 'Louisville Zoo Events', 'f0386301-e604-479b-bf96-7d55cb4662d5', '["https://louisvillezoo.org/wp-content/uploads/2026/02/2026-Conservation-and-Conversations_June.jpg"]', 'published', 0.800, NULL, false, 0, '''00'':192,297,332,395,417 ''2'':191,244,252,296,331,355,363,394,416,440,446 ''2026'':190,295,330,393,415 ''24'':353 ''25'':189,242 ''26'':414,438 ''27'':329,361 ''28'':250 ''29'':294,392 ''30'':444 ''admiss'':66 ''amaz'':285 ''america'':265 ''anim'':286 ''announc'':405,427 ''april'':293 ''august'':413 ''avail'':47 ''background'':138 ''bear'':184,197,207,216,227 ''beaverland'':238,259 ''black'':19,378 ''book'':13,122,275,372,448 ''break'':454 ''broad'':100 ''camill'':24,383 ''celebr'':204 ''center'':272 ''check'':38,57 ''chosen'':121 ''clemson'':344 ''come'':399,421 ''conserv'':1,27,89,176,180,223,235,287,323,346,386,406,428 ''convers'':3,29,75,178,182,237,289,325,348,388,408,430 ''cost'':63 ''date'':30,39,58 ''day'':208 ''depend'':233 ''differ'':99 ''discuss'':10,110,270,369,449 ''diseas'':337 ''dungi'':26,385 ''ecologist'':338 ''ecosystem'':104 ''educ'':466 ''effort'':224 ''email'':129,168 ''environment'':91 ''event'':462,467,473,475 ''excit'':194 ''expert'':116,213,306 ''famili'':461 ''februari'':188 ''feedback'':159 ''final'':31 ''focus'':96 ''four'':128 ''free'':64,173 ''function'':105 ''fuzz'':431,451 ''garden'':22,381 ''googl'':44 ''green'':410 ''guest'':83,117,334,401,423 ''guid'':113 ''healthi'':103 ''ice'':231 ''in-person'':53,246,357,434 ''inform'':139,398,420 ''intern'':185,205,217 ''invit'':133 ''jake'':339 ''join'':6,73,198,299,365 ''juli'':391 ''june'':352,360 ''know'':290,308 ''knowledg'':82 ''latest'':220 ''law'':456 ''learn'':147,210,280,304,470 ''leila'':267 ''like'':102 ''link'':144 ''list'':169 ''locat'':62 ''look'':463 ''louisvill'':71,78 ''made'':264 ''manag'':109 ''march'':241,249 ''mari'':458 ''may'':161,328 ''media'':150 ''meet'':45 ''membership'':68 ''microplast'':317 ''month'':35,94,131,136,201,255,302 ''mother'':20,379 ''nativ'':107 ''natur'':453 ''one'':261 ''onlin'':174 ''opportun'':155 ''p.m'':245,253,356,364,441,447 ''particip'':50,123 ''per'':130 ''person'':55,248,359,433,436 ''ph.d'':341 ''philip'':268 ''plant'':108 ''pm'':193,298,333,396,418 ''polar'':183,196,206,215 ''present'':84,118,335,402,424 ''program'':158,469 ''provid'':157 ''read'':258 ''receiv'':125 ''recommend'':151 ''record'':46 ''regist'':49 ''remov'':165 ''request'':52,162 ''research'':221 ''reserv'':175 ''resourc'':148 ''roach'':459 ''rodent'':263 ''schedul'':179 ''sea'':230 ''sept'':437,443 ''session'':37,42,56,137,187 ''shurba'':340 ''soil'':4,14,349,373 ''soon'':400,422 ''space'':411 ''speaker'':143 ''spread'':319 ''staff'':80 ''stori'':16,375 ''student'':342 ''system'':313 ''talk'':76 ''throughout'':320 ''tiger'':389 ''time'':41,60,172 ''topic'':92,101,141 ''two'':126 ''univers'':345 ''upon'':51 ''urban'':326,409 ''us'':7,199,300,366 ''varieti'':87 ''virtual'':5,36,186,239,240,292,350,351,390,412,442,472,474 ''wast'':291,309,312 ''way'':316 ''wednesday'':32 ''weird'':262 ''well'':153 ''wildlif'':327,336 ''world'':322 ''zoo'':72,79', '2026-05-10 16:03:18.457621+00', '2026-05-10 19:05:59.085041+00', 'openai', true),
	('3b2b3491-12c1-44ad-a229-de18d6f83b7f', 'Conservation and Conversations: Soil (In Person)', 'Join us for a discussion on the book Soil: The Story of a Black Mother’s Garden by Camille T. Dungy.  Conservation AND Conversations Dates: Final Wednesday of each month Virtual sessions: Check dates for times. Sessions on Google Meet Recordings available for registered participants upon request. In-person sessions: Check dates for times and locations. Cost: FREE with admission or membership to the Louisville Zoo.   Join the conversation! Talk with Louisville Zoo staff and knowledgeable guest presenters about a variety of conservation and environmental topics. Each month will focus on a different broad topic (like healthy ecosystem function or native plant management). Discussions will be guided by an expert guest presenter or a chosen book.   Participants will receive two to four emails per month with invitations to the monthly sessions, background information on topics and speakers, links to further learning resources and media recommendations, as well as opportunities to provide program feedback. You may request to be removed from our email list at any time.    Free Online Reservation              Conservation and Conversations Schedule         Conservation and Conversations: Polar Bears International (Virtual Session) February 25, 2026 @ 2:00 pm  Excited about polar bears? Join us this month as we celebrate international polar bear day and learn from the experts at Polar Bears International about the latest research and conservation efforts for these bears and the sea ice they depend on.        Conservation and Conversations: Beaverland (Virtual) Virtual:  March 25 at 2 p.m. In-Person:  March 28 at 2 p.m.   This month we are reading Beaverland: How One Weird Rodent Made America by Leila Philip. Our discussion will center on the book and what we can learn about and from these amazing animals.       Conservation and Conversations: kNOw Waste (Virtual) April 29, 2026 @ 2:00 pm  Join us this month to learn from experts from kNOw Waste about our waste systems and the ways microplastics are spreading throughout our world.       Conservation and Conversations: Urban Wildlife May 27, 2026 @ 2:00 pm  Guest Presenter: wildlife disease ecologist Jake Shurba, Ph.D. student with Clemson University        Conservation and Conversations: Soil (Virtual) Virtual:  June 24 at 2 p.m. In-Person:  June 27 at 2 p.m.   Join us for a discussion on the book Soil: The Story of a Black Mother’s Garden by Camille T. Dungy.        Conservation and Conversations: Tigers (Virtual) July 29, 2026 @ 2:00 pm  More information coming soon! Guest Presenter to be announced.        Conservation and Conversations: Urban Green Space (Virtual) August 26, 2026 @ 2:00 pm  More information coming soon! Guest Presenter to be announced.        Conservation and Conversations: Fuzz (In Person) In-Person:  Sept. 26 at 2 p.m. Virtual:  Sept. 30 at 2 p.m.   Book Discussion on Fuzz: When Nature Breaks the Law by Mary Roach                   More Family Events       Looking for more Education Events and programs?  Learn more!', '2026-06-27 18:00:00+00', '2026-06-27 19:00:00+00', 'America/New_York', 'Virtual Event', 'Virtual Event', '4f546c98-7985-4127-b472-c43254eb77c3', 38.2527000, -85.7585000, NULL, NULL, NULL, true, 'https://louisvillezoo.org/event/conservation-and-conversations-soil-in-person/', 'Louisville Zoo Events', 'f0386301-e604-479b-bf96-7d55cb4662d5', '["https://louisvillezoo.org/wp-content/uploads/2026/02/2026-Conservation-and-Conversations_June.jpg"]', 'published', 0.800, NULL, false, 0, '''00'':193,298,333,396,418 ''2'':192,245,253,297,332,356,364,395,417,441,447 ''2026'':191,296,331,394,416 ''24'':354 ''25'':190,243 ''26'':415,439 ''27'':330,362 ''28'':251 ''29'':295,393 ''30'':445 ''admiss'':67 ''amaz'':286 ''america'':266 ''anim'':287 ''announc'':406,428 ''april'':294 ''august'':414 ''avail'':48 ''background'':139 ''bear'':185,198,208,217,228 ''beaverland'':239,260 ''black'':20,379 ''book'':14,123,276,373,449 ''break'':455 ''broad'':101 ''camill'':25,384 ''celebr'':205 ''center'':273 ''check'':39,58 ''chosen'':122 ''clemson'':345 ''come'':400,422 ''conserv'':1,28,90,177,181,224,236,288,324,347,387,407,429 ''convers'':3,30,76,179,183,238,290,326,349,389,409,431 ''cost'':64 ''date'':31,40,59 ''day'':209 ''depend'':234 ''differ'':100 ''discuss'':11,111,271,370,450 ''diseas'':338 ''dungi'':27,386 ''ecologist'':339 ''ecosystem'':105 ''educ'':467 ''effort'':225 ''email'':130,169 ''environment'':92 ''event'':463,468,474,476 ''excit'':195 ''expert'':117,214,307 ''famili'':462 ''februari'':189 ''feedback'':160 ''final'':32 ''focus'':97 ''four'':129 ''free'':65,174 ''function'':106 ''fuzz'':432,452 ''garden'':23,382 ''googl'':45 ''green'':411 ''guest'':84,118,335,402,424 ''guid'':114 ''healthi'':104 ''ice'':232 ''in-person'':54,247,358,435 ''inform'':140,399,421 ''intern'':186,206,218 ''invit'':134 ''jake'':340 ''join'':7,74,199,300,366 ''juli'':392 ''june'':353,361 ''know'':291,309 ''knowledg'':83 ''latest'':221 ''law'':457 ''learn'':148,211,281,305,471 ''leila'':268 ''like'':103 ''link'':145 ''list'':170 ''locat'':63 ''look'':464 ''louisvill'':72,79 ''made'':265 ''manag'':110 ''march'':242,250 ''mari'':459 ''may'':162,329 ''media'':151 ''meet'':46 ''membership'':69 ''microplast'':318 ''month'':36,95,132,137,202,256,303 ''mother'':21,380 ''nativ'':108 ''natur'':454 ''one'':262 ''onlin'':175 ''opportun'':156 ''p.m'':246,254,357,365,442,448 ''particip'':51,124 ''per'':131 ''person'':6,56,249,360,434,437 ''ph.d'':342 ''philip'':269 ''plant'':109 ''pm'':194,299,334,397,419 ''polar'':184,197,207,216 ''present'':85,119,336,403,425 ''program'':159,470 ''provid'':158 ''read'':259 ''receiv'':126 ''recommend'':152 ''record'':47 ''regist'':50 ''remov'':166 ''request'':53,163 ''research'':222 ''reserv'':176 ''resourc'':149 ''roach'':460 ''rodent'':264 ''schedul'':180 ''sea'':231 ''sept'':438,444 ''session'':38,43,57,138,188 ''shurba'':341 ''soil'':4,15,350,374 ''soon'':401,423 ''space'':412 ''speaker'':144 ''spread'':320 ''staff'':81 ''stori'':17,376 ''student'':343 ''system'':314 ''talk'':77 ''throughout'':321 ''tiger'':390 ''time'':42,61,173 ''topic'':93,102,142 ''two'':127 ''univers'':346 ''upon'':52 ''urban'':327,410 ''us'':8,200,301,367 ''varieti'':88 ''virtual'':37,187,240,241,293,351,352,391,413,443,473,475 ''wast'':292,310,313 ''way'':317 ''wednesday'':33 ''weird'':263 ''well'':154 ''wildlif'':328,337 ''world'':323 ''zoo'':73,80', '2026-05-10 16:03:23.993851+00', '2026-05-10 19:05:59.085041+00', 'openai', NULL),
	('de0cc88c-35f2-4b97-aba7-159c8722cd76', 'Wild Workout: Pilates (Giraffe)', 'BUY NOW! Gate opens at 6 p.m. |  Class begins at 6:30 p.m.  Find inspiration in nature as you stretch and strike a pose with our giraffe herd looking on. These gentle giants will soothe your mind and help you find inner peace after a long day.    Join us for phyiscal fun in the wild! We’re partnering with Flex Appeal to continue special Wild Workouts at your Zoo this year. We will be offering five unique outdoor classes after the Zoo closes, so you can stretch in some of your favorite exhibit spaces.  For beginners and seasoned practitioners alike, these classes are designed to help you increase flexibility, strengthen muscles, and improve overall health and recovery. Closed-toed shoes are strongly encouraged. Guests are also encouraged to bring a refillable water bottle that can be used at the bottle refill stations around the Zoo.  Classes are $25 each, plus a processing fee, and are available online only. All fitness levels and abilities are welcome. Tickets must be purchased online prior to the workout in order to attend.  The front gate opens at 6:00 p.m. Classes begin at 6:30 p.m.  Prices $25 per person plus processing fee  Classes sold out in 2025 — Reserve your spot early!         FITNESS EVENTS        Throo the Zoo 5K Run/Walk 2026 May 9, 2026 @ 8:00 am  Race on over for the WILDEST 5K in Louisville! This unique course doesn’t just go around the Zoo but takes you on a safari directly “throo” the Zoo! Participants receive a t-shirt, finishers medal, post-race refreshments, PLUS a ticket to visit the Zoo at a much slower pace!       Wild Workout: Yoga (Flamingos) – SOLD OUT May 13, 2026 @ 6:00 pm  Join the flamboyance during this low-impact, muscle strengthening workout. Focus on controlled movements as flamingos showcase the art of poise and balance nearby.     Wild Workout: Pilates (Red Panda) – SOLD OUT June 3, 2026 @ 6:00 pm  Admire and imitate the graceful balance of our red pandas as you stretch and unwind in front of this forested exhibit space.     Wild Workout: Yoga (Glacier Run) June 22, 2026 @ 6:00 pm  Join us in the arctic-inspired town of Glacier Run where you may see a grizzly or polar bear wandering about. It doesn’t matter if you can BEARly touch your toes, this workout is perfect for all fitness levels.      Wild Workout: Pilates (Giraffe) July 7, 2026 @ 6:00 pm  Find inspiration in nature as you stretch and strike a pose with our giraffe herd looking on.     Wild Workout: Yoga (Butterfly) July 22, 2026 @ 6:00 pm  Stretch your wings alongside our butterflies during this peaceful yoga session. Flitter inside our butterfly habitat post-workout to enjoy your animal inspiration up-close.      Wild Workout: Yoga (Colobus) August 1, 2026 @ 6:00 pm  Swing by and enjoy this one-of-a-kind workout after the Zoo closes. Increase your flexibility as you enjoy the sights and sounds of our colobus monkey family peering at you from their lush habitat.      Wild Workout: Pilates (Little Penguin) August 19, 2026 @ 6:00 pm  Enjoy a low-impact, muscle strengthening workout as our playful little penguins look on.      Wild Workout: Yoga (Giraffe) September 1, 2026 @ 6:00 pm  Find inspiration in nature as you stretch and strike a pose with our giraffe herd looking on. These gentle giants will soothe your mind and help you find inner peace after a long day     Wild Workout: Pilates (Pinniped) September 9, 2026 @ 6:00 pm  Find your flow at this low-impact, muscle strengthening workout as you watch our playful pinnipeds (seals and sea lions).     Throo the Boo 2026 November 7, 2026 @ 6:00 pm  Dash over and join us for the SWEETEST Fun Run in Louisville! This unique course doesn’t just go around the Zoo but takes you directly “throo” the Zoo along our popular Boo at the Zoo route.', '2026-07-07 22:00:00+00', '2026-07-07 23:30:00+00', 'America/New_York', 'Louisville Zoo, 1100 Trevilian Way, Louisville, KY, 40213, United States', 'Louisville Zoo, 1100 Trevilian Way, Louisville, KY, 40213, United States', '4f546c98-7985-4127-b472-c43254eb77c3', 38.2527000, -85.7585000, NULL, NULL, 25.00, false, 'https://louisvillezoo.org/event/wild-workout-pilates-giraffe/', 'Louisville Zoo Events', 'f0386301-e604-479b-bf96-7d55cb4662d5', '["https://louisvillezoo.org/wp-content/uploads/2026/03/2026-Wild-Workout-Header_July_Pilates.jpg"]', 'published', 0.770, NULL, false, 0, '''00'':190,226,291,329,362,413,440,477,525,550,594,625 ''1'':474,547 ''1100'':666,676 ''13'':288 ''19'':522 ''2025'':209 ''2026'':221,224,289,327,360,411,438,475,523,548,592,620,623 ''22'':359,437 ''25'':153,199 ''3'':326 ''30'':16,196 ''40213'':671,681 ''5k'':219,234 ''6'':10,15,189,195,290,328,361,412,439,476,524,549,593,624 ''7'':410,622 ''8'':225 ''9'':223,591 ''abil'':168 ''admir'':331 ''alik'':104 ''along'':656 ''alongsid'':445 ''also'':131 ''anim'':464 ''appeal'':65 ''arctic'':369 ''arctic-inspir'':368 ''around'':148,244,646 ''art'':312 ''attend'':183 ''august'':473,521 ''avail'':161 ''balanc'':316,336 ''bear'':383,393 ''begin'':13,193 ''beginn'':100 ''boo'':619,659 ''bottl'':138,145 ''bring'':134 ''butterfli'':435,447,456 ''buy'':5 ''class'':12,83,106,151,192,205 ''close'':87,123,468,493 ''closed-to'':122 ''colobus'':472,506 ''continu'':67 ''control'':306 ''cours'':239,641 ''dash'':627 ''day'':51,585 ''design'':108 ''direct'':253,652 ''doesn'':240,387,642 ''earli'':213 ''encourag'':128,132 ''enjoy'':462,482,499,527 ''event'':215 ''exhibit'':97,351 ''famili'':508 ''favorit'':96 ''fee'':158,204 ''find'':18,45,415,552,579,596 ''finish'':263 ''fit'':165,214,403 ''five'':80 ''flamboy'':295 ''flamingo'':284,309 ''flex'':64 ''flexibl'':113,496 ''flitter'':453 ''flow'':598 ''focus'':304 ''forest'':350 ''front'':185,347 ''fun'':56,635 ''gate'':7,186 ''gentl'':36,570 ''giant'':37,571 ''giraff'':4,31,408,428,545,565 ''glacier'':356,373 ''go'':243,645 ''grace'':335 ''grizzli'':380 ''guest'':129 ''habitat'':457,515 ''health'':119 ''help'':43,110,577 ''herd'':32,429,566 ''imit'':333 ''impact'':300,531,603 ''improv'':117 ''increas'':112,494 ''inner'':46,580 ''insid'':454 ''inspir'':19,370,416,465,553 ''join'':52,293,364,630 ''juli'':409,436 ''june'':325,358 ''kind'':488 ''ky'':670,680 ''level'':166,404 ''lion'':616 ''littl'':519,538 ''long'':50,584 ''look'':33,430,540,567 ''louisvill'':236,638,664,669,674,679 ''low'':299,530,602 ''low-impact'':298,529,601 ''lush'':514 ''matter'':389 ''may'':222,287,377 ''medal'':264 ''mind'':41,575 ''monkey'':507 ''movement'':307 ''much'':278 ''muscl'':115,301,532,604 ''must'':172 ''natur'':21,418,555 ''nearbi'':317 ''novemb'':621 ''offer'':79 ''one'':485 ''one-of-a-kind'':484 ''onlin'':162,175 ''open'':8,187 ''order'':181 ''outdoor'':82 ''overal'':118 ''p.m'':11,17,191,197 ''pace'':280 ''panda'':322,340 ''particip'':257 ''partner'':62 ''peac'':47,450,581 ''peer'':509 ''penguin'':520,539 ''per'':200 ''perfect'':400 ''person'':201 ''phyiscal'':55 ''pilat'':3,320,407,518,588 ''pinnip'':589,612 ''play'':537,611 ''plus'':155,202,269 ''pm'':292,330,363,414,441,478,526,551,595,626 ''pois'':314 ''polar'':382 ''popular'':658 ''pose'':28,425,562 ''post'':266,459 ''post-rac'':265 ''post-workout'':458 ''practition'':103 ''price'':198 ''prior'':176 ''process'':157,203 ''purchas'':174 ''race'':228,267 ''re'':61 ''receiv'':258 ''recoveri'':121 ''red'':321,339 ''refil'':136,146 ''refresh'':268 ''reserv'':210 ''rout'':663 ''run'':357,374,636 ''run/walk'':220 ''safari'':252 ''sea'':615 ''seal'':613 ''season'':102 ''see'':378 ''septemb'':546,590 ''session'':452 ''shirt'':262 ''shoe'':125 ''showcas'':310 ''sight'':501 ''slower'':279 ''sold'':206,285,323 ''sooth'':39,573 ''sound'':503 ''space'':98,352 ''special'':68 ''spot'':212 ''state'':673,683 ''station'':147 ''strengthen'':114,302,533,605 ''stretch'':24,91,343,421,442,558 ''strike'':26,423,560 ''strong'':127 ''sweetest'':634 ''swing'':479 ''t-shirt'':260 ''take'':248,650 ''throo'':216,254,617,653 ''ticket'':171,271 ''to'':124 ''toe'':396 ''touch'':394 ''town'':371 ''trevilian'':667,677 ''uniqu'':81,238,640 ''unit'':672,682 ''unwind'':345 ''up-clos'':466 ''us'':53,365,631 ''use'':142 ''visit'':273 ''wander'':384 ''watch'':609 ''water'':137 ''way'':668,678 ''welcom'':170 ''wild'':1,59,69,281,318,353,405,432,469,516,542,586 ''wildest'':233 ''wing'':444 ''workout'':2,70,179,282,303,319,354,398,406,433,460,470,489,517,534,543,587,606 ''year'':75 ''yoga'':283,355,434,451,471,544 ''zoo'':73,86,150,218,246,256,275,492,648,655,662,665,675', '2026-05-10 16:03:29.682686+00', '2026-05-10 19:05:59.085041+00', 'openai', true),
	('5666434c-5922-4a9b-a9a2-5952db2ed502', 'ROARchestra 2026', 'SAVE THE DATE! ROARchestra is back! The Louisville Orchestra and your Louisville Zoo have partnered together again to present a wildly entertaining musical evening. Bring your blanket or lawn chairs and enjoy live music under the stars at the Zoo’s Oasis stage.  More information coming soon!           FAMILY FRIENDLY EVENTS        Bunny Hop March 28 & 29, 2026 @ 10:00 am  Hop over for an EGGstra fun time as you meet the Easter Bunny, hunt for eggs and more.      Kentucky Shakespeare – The Tempest April 4, 2026 @ 11:00 am  Kentucky Shakespeare, the Official Shakespeare Festival of Kentucky, presents THE TEMPEST at the Louisville Zoo.     VIP (Very Important Princesses) Party 2026 April 11 & 12, 2026 Sessions at 9 a.m. and 12 p.m.   The Louisville Zoo invites all our VIPs (Very Important Princesses and Princes) to a royal banquet straight out of a fairytale. Join princesses from every kingdom for an enchanting storybook celebration.      Native Plant Sale (April 2026) April 19, 2026 @ 10:00 am  Browse a selection of native plants available for purchase at the Zoo.     Throo the Zoo 5K Run/Walk 2026 May 9, 2026 @ 8:00 am  Race on over for the WILDEST 5K in Louisville! This unique course doesn’t just go around the Zoo but takes you on a safari directly “throo” the Zoo! Participants receive a t-shirt, finishers medal, post-race refreshments, PLUS a ticket to visit the Zoo at a much slower pace!      Storybook Character Day (2026) May 16, 2026 @ 10:00 am  We’re fully booked with friends like Curious George, Clifford, Pete the Cat and more! Join us as your favorite characters hop straight off the page and right to your Zoo!     Super Summer Saturday (2026) June 6, 2026 @ 10:00 am  Fly, jump or warp your way over to the Zoo to visit with some of your favorite superheroes, here to kick off the summer season. While at the Zoo, learn about some of the amazing adaptations your favorite animals harness as their own wild “superpowers”.     ROARchestra 2026 July 11, 2026 @ 8:30 pm  ROARchestra is back! The Louisville Orchestra and your Louisville Zoo have partnered together again to present a wildly entertaining musical evening. Bring your blanket or lawn chairs and enjoy live music under the stars at the Zoo’s renovated Oasis stage.     Summer Santa (2026) July 18, 2026 @ 10:00 am  It’s a jolly summer holiday as Santa and Mrs. Claus stop at your Zoo while on vacation. Join them to get your holiday list in early.     Royal Rendezvous (2026) August 8, 2026 @ 10:00 am  Princesses have arrived from faraway lands to close out the summer season with all of their adoring (and adorable) subjects. Ball gowns are not required, but guests are welcome to dress their best for this Royal Rendezvous.     Cinema Safari 2026 – Zootopia 2 August 14, 2026 @ 8:00 pm  Hey bub, grab your partners-in-crime (or crime-fighting) and join Judy and Nick as they try to make the world a better place.     Cinema Safari 2026 – Wicked For Good September 4, 2026 @ 8:00 pm  We’re bubbling with excitement for the finale to the hit musical starring Cynthia Erivo and Ariana Grande.     Native Plant Sale (September 2026) September 13, 2026 @ 10:00 am  Browse a selection of native plants available for purchase at the Zoo. Whether you’re just starting out or have been gardening for years, you are sure to find the perfect plants to benefit the pollinators that visit your at-home habitat.      La Fiesta at the Zoo: A Latin American Heritage Celebration (2026) September 19, 2026 @ 10:00 am  Join the Louisville Zoo for a fun celebración! Partners from throughout our community will be here to share information and resources, festive music, vibrant art and more.     Boo at the Zoo (2026) October 1 – 29 (Select nights)  Join us for the sweetest party in town! Boo at the Zoo features trick-or-treating for kids 11-and-under, rides, and special attractions all for one great price.     Boo at the Zoo 2026 – Sensory Friendly Night October 7, 2026 @ 5:00 pm  This special night features peanut-free treat booths and added non-food treats like stickers, tattoos, pencils and more.     Boo at the Zoo 2026 – Allergy Friendly Night October 28, 2026 @ 5:00 pm  This special night features peanut-free treat booths and added non-food treats like stickers, tattoos, pencils and more.     Día de los Muertos (2026) November 1 & 2, 2026  The Louisville Zoo is creating a special ofrenda for Día de los Muertos (the Day of the Dead) to honor beloved pets and Zoo animals that have passed away–animals who brought joy to our guests, inspired our mission, and touched the hearts of staff.     Throo the Boo 2026 November 7, 2026 @ 6:00 pm  Dash over and join us for the SWEETEST Fun Run in Louisville! This unique course doesn’t just go around the Zoo but takes you directly “throo” the Zoo along our popular Boo at the Zoo route.     Beary Happy Holidays (2026) December 5-6 December 12 – 13 December 19-20 (Santa & Mrs. Claus)   Throughout December, we’re transforming areas of your Zoo into a winter wonderland, complete with holiday-themed decorations and animal enrichment.             ', '2026-07-12 00:30:00+00', '2026-07-12 02:00:00+00', 'America/New_York', 'Louisville Zoo', NULL, '4f546c98-7985-4127-b472-c43254eb77c3', 38.2051766, -85.7053359, NULL, NULL, NULL, true, 'https://louisvillezoo.org/event/roarchestra-2026/', 'Louisville Zoo Events', 'f0386301-e604-479b-bf96-7d55cb4662d5', '["https://louisvillezoo.org/wp-content/uploads/2025/03/hdr_Roarchestra.jpg"]', 'published', 0.733, NULL, false, 0, '''-20'':859 ''-6'':853 ''00'':60,88,162,186,249,290,393,429,477,516,545,605,688,723,808 ''1'':640,752 ''10'':59,161,248,289,392,428,544,604 ''11'':87,112,340,663 ''12'':113,120,855 ''13'':542,856 ''14'':474 ''16'':246 ''18'':390 ''19'':159,602,858 ''2'':472,753 ''2026'':2,58,86,110,114,157,160,181,184,244,247,285,288,338,341,388,391,424,427,470,475,508,514,540,543,600,603,638,680,686,715,721,750,754,803,806,850 ''28'':56,720 ''29'':57,641 ''30'':343 ''4'':85,513 ''5'':687,722,852 ''5k'':179,194 ''6'':287,807 ''7'':685,805 ''8'':185,342,426,476,515 ''9'':117,183 ''a.m'':118 ''ad'':700,735 ''adapt'':327 ''ador'':447,449 ''allergi'':716 ''along'':839 ''amaz'':326 ''american'':597 ''and-und'':664 ''anim'':330,779,784,883 ''april'':84,111,156,158 ''area'':868 ''ariana'':534 ''around'':204,829 ''arriv'':433 ''art'':631 ''at-hom'':586 ''attract'':670 ''august'':425,473 ''avail'':170,553 ''away'':783 ''back'':8,347 ''ball'':451 ''banquet'':137 ''beari'':847 ''belov'':775 ''benefit'':580 ''best'':463 ''better'':504 ''blanket'':29,368 ''boo'':634,652,676,711,802,842 ''book'':254 ''booth'':698,733 ''bring'':27,366 ''brought'':786 ''brows'':164,547 ''bub'':480 ''bubbl'':520 ''bunni'':53,74 ''cat'':263 ''celebr'':152,599 ''celebración'':614 ''chair'':32,371 ''charact'':242,271 ''cinema'':468,506 ''claus'':405,862 ''clifford'':260 ''close'':438 ''come'':48 ''communiti'':619 ''complet'':876 ''cours'':199,824 ''creat'':759 ''crime'':486,489 ''crime-fight'':488 ''curious'':258 ''cynthia'':531 ''dash'':810 ''date'':5 ''day'':243,769 ''de'':747,765 ''dead'':772 ''decemb'':851,854,857,864 ''decor'':881 ''direct'':213,835 ''doesn'':200,825 ''dress'':461 ''día'':746,764 ''earli'':421 ''easter'':73 ''egg'':77 ''eggstra'':66 ''enchant'':150 ''enjoy'':34,373 ''enrich'':884 ''entertain'':24,363 ''erivo'':532 ''even'':26,365 ''event'':52 ''everi'':146 ''excit'':522 ''fairytal'':142 ''famili'':50 ''faraway'':435 ''favorit'':270,308,329 ''featur'':656,693,728 ''festiv'':95,628 ''fiesta'':591 ''fight'':490 ''final'':525 ''find'':575 ''finish'':223 ''fli'':292 ''food'':703,738 ''free'':696,731 ''friend'':51,256,682,717 ''fulli'':253 ''fun'':67,613,818 ''garden'':568 ''georg'':259 ''get'':416 ''go'':203,828 ''good'':511 ''gown'':452 ''grab'':481 ''grand'':535 ''great'':674 ''guest'':457,790 ''habitat'':589 ''happi'':848 ''har'':331 ''heart'':797 ''heritag'':598 ''hey'':479 ''hit'':528 ''holiday'':400,418,849,879 ''holiday-them'':878 ''home'':588 ''honor'':774 ''hop'':54,62,272 ''hunt'':75 ''import'':107,130 ''inform'':47,625 ''inspir'':791 ''invit'':125 ''join'':143,266,413,492,607,644,813 ''jolli'':398 ''joy'':787 ''judi'':493 ''juli'':339,389 ''jump'':293 ''june'':286 ''kentucki'':80,90,97 ''kick'':312 ''kid'':662 ''kingdom'':147 ''la'':590 ''land'':436 ''latin'':596 ''lawn'':31,370 ''learn'':321 ''like'':257,705,740 ''list'':419 ''live'':35,374 ''los'':748,766 ''louisvill'':10,14,103,123,196,349,353,609,756,821,885 ''make'':500 ''march'':55 ''may'':182,245 ''medal'':224 ''meet'':71 ''mission'':793 ''mrs'':404,861 ''much'':238 ''muerto'':749,767 ''music'':25,36,364,375,529,629 ''nativ'':153,168,536,551 ''nick'':495 ''night'':643,683,692,718,727 ''non'':702,737 ''non-food'':701,736 ''novemb'':751,804 ''oasi'':44,384 ''octob'':639,684,719 ''offici'':93 ''ofrenda'':762 ''one'':673 ''orchestra'':11,350 ''p.m'':121 ''pace'':240 ''page'':276 ''parti'':109,649 ''particip'':217 ''partner'':17,356,484,615 ''partners-in-crim'':483 ''pass'':782 ''peanut'':695,730 ''peanut-fre'':694,729 ''pencil'':708,743 ''perfect'':577 ''pet'':776 ''pete'':261 ''place'':505 ''plant'':154,169,537,552,578 ''plus'':229 ''pm'':344,478,517,689,724,809 ''pollin'':582 ''popular'':841 ''post'':226 ''post-rac'':225 ''present'':21,98,360 ''price'':675 ''princ'':133 ''princess'':108,131,144,431 ''purchas'':172,555 ''race'':188,227 ''re'':252,519,561,866 ''receiv'':218 ''refresh'':228 ''rendezv'':423,467 ''renov'':383 ''requir'':455 ''resourc'':627 ''ride'':667 ''right'':278 ''roarchestra'':1,6,337,345 ''rout'':846 ''royal'':136,422,466 ''run'':819 ''run/walk'':180 ''safari'':212,469,507 ''sale'':155,538 ''santa'':387,402,860 ''saturday'':284 ''save'':3 ''season'':316,442 ''select'':166,549,642 ''sensori'':681 ''septemb'':512,539,541,601 ''session'':115 ''shakespear'':81,91,94 ''share'':624 ''shirt'':222 ''slower'':239 ''soon'':49 ''special'':669,691,726,761 ''staff'':799 ''stage'':45,385 ''star'':39,378,530 ''start'':563 ''sticker'':706,741 ''stop'':406 ''storybook'':151,241 ''straight'':138,273 ''subject'':450 ''summer'':283,315,386,399,441 ''super'':282 ''superhero'':309 ''superpow'':336 ''sure'':573 ''sweetest'':648,817 ''t-shirt'':220 ''take'':208,833 ''tattoo'':707,742 ''tempest'':83,100 ''theme'':880 ''throo'':176,214,800,836 ''throughout'':617,863 ''ticket'':231 ''time'':68 ''togeth'':18,357 ''touch'':795 ''town'':651 ''transform'':867 ''treat'':660,697,704,732,739 ''tri'':498 ''trick'':658 ''trick-or-tr'':657 ''uniqu'':198,823 ''us'':267,645,814 ''vacat'':412 ''vibrant'':630 ''vip'':105,128 ''visit'':233,303,584 ''warp'':295 ''way'':297 ''welcom'':459 ''whether'':559 ''wick'':509 ''wild'':23,335,362 ''wildest'':193 ''winter'':874 ''wonderland'':875 ''world'':502 ''year'':570 ''zoo'':15,42,104,124,175,178,206,216,235,281,301,320,354,381,409,558,594,610,637,655,679,714,757,778,831,838,845,871,886 ''zootopia'':471', '2026-05-10 16:03:34.374495+00', '2026-05-10 19:05:59.085041+00', 'openai', true),
	('9096d803-9d32-42dc-8b0f-7d748bf7b299', 'Early Childhood Pop-Up:  Litter Critters', 'Litter Critters Plastic is everywhere! Join us at our Litter Critter stations to learn how plastic waste effects animals and humans here in Kentucky and around the world. We’ll play games focused on recycling to earn a special sticker! These stations will be in the MetaZoo or the HerpAquarium on Wednesday afternoons in the spring.  Price FREE with Louisville Zoo membership or admission  About Early Childhood Pop-ups The fun will be popping up this spring and summer at the Zoo!  Perfect for young learners, these new pop-up programs invite families and their children to play, observe and learn in new ways all while visiting the Zoo! Use your imagination during free play in the Cub House, gather around for a story reading, think like a zookeeper with animal activity stations or go on a Litter Critter quest. Pop up programs are FREE with membership or admission to the Zoo. For a full list of details and available sessions, visit our website.         EARLY CHILDHOOD POP-UPS 2026 SCHEDULE        Animal Tales Classes from 10:30 a.m. – 11:30 a.m.    April 19: HerpAquarium April 28: Giraffe Exhibit May 5: Islands / Little Penguin Exhibit May 12: Tiger Taiga May 19: Red Panda Exhibit  Little Critters Classes held in the MetaZoo from 3 p.m. – 5 p.m.   April 15, April 22, April 29 May 6, May 13, May 20, May 27  Playtime in the Cub House Classes held  from 10:00 a.m. – 11:30 a.m. in the Snow Leopard Cub House presented by PNC.   March 28 April 4,  April 25  (April 11 Cancelled) May 2  Young Zoologist Classes held from 11 a.m. – 1 p.m. in the Islands Zone   April 2, April 9, April 16, April 23, April 30 May 7, May 14, May 21, May 28', '2026-05-27 19:00:00+00', '2026-05-27 21:00:00+00', 'America/New_York', 'Louisville Zoo', NULL, '4f546c98-7985-4127-b472-c43254eb77c3', 38.2051766, -85.7053359, 0, 5, NULL, true, 'https://louisvillezoo.org/event/early-childhood-pop-up-little-critters/2026-05-27/', 'Louisville Zoo Events', 'f0386301-e604-479b-bf96-7d55cb4662d5', '["https://louisvillezoo.org/wp-content/uploads/2026/03/2026-Early-Childhood-Popups-1140x500_Litter-Critter.jpg"]', 'published', 0.750, NULL, false, 0, '''00'':248 ''1'':280 ''10'':185,247 ''11'':188,250,269,278 ''12'':205 ''13'':234 ''14'':299 ''15'':226 ''16'':291 ''19'':192,209 ''2'':272,287 ''20'':236 ''2026'':179 ''21'':301 ''22'':228 ''23'':293 ''25'':267 ''27'':238 ''28'':195,263,303 ''29'':230 ''3'':221 ''30'':186,189,251,295 ''4'':265 ''5'':199,223 ''6'':232 ''7'':297 ''9'':289 ''a.m'':187,190,249,252,279 ''activ'':141 ''admiss'':71,158 ''afternoon'':60 ''anim'':26,140,181 ''april'':191,194,225,227,229,264,266,268,286,288,290,292,294 ''around'':33,130 ''avail'':169 ''cancel'':270 ''childhood'':2,74,175 ''children'':105 ''class'':183,215,244,275 ''critter'':7,9,18,148,214 ''cub'':127,242,257 ''detail'':167 ''earli'':1,73,174 ''earn'':44 ''effect'':25 ''everywher'':12 ''exhibit'':197,203,212 ''famili'':102 ''focus'':40 ''free'':65,123,154 ''full'':164 ''fun'':79 ''game'':39 ''gather'':129 ''giraff'':196 ''go'':144 ''held'':216,245,276 ''herpaquarium'':57,193 ''hous'':128,243,258 ''human'':28 ''imagin'':121 ''invit'':101 ''island'':200,284 ''join'':13 ''kentucki'':31 ''learn'':21,110 ''learner'':94 ''leopard'':256 ''like'':136 ''list'':165 ''litter'':6,8,17,147 ''littl'':201,213 ''ll'':37 ''louisvill'':67,304 ''march'':262 ''may'':198,204,208,231,233,235,237,271,296,298,300,302 ''membership'':69,156 ''metazoo'':54,219 ''new'':96,112 ''observ'':108 ''p.m'':222,224,281 ''panda'':211 ''penguin'':202 ''perfect'':91 ''plastic'':10,23 ''play'':38,107,124 ''playtim'':239 ''pnc'':261 ''pop'':4,76,82,98,150,177 ''pop-up'':3,75,97,176 ''present'':259 ''price'':64 ''program'':100,152 ''quest'':149 ''read'':134 ''recycl'':42 ''red'':210 ''schedul'':180 ''session'':170 ''snow'':255 ''special'':46 ''spring'':63,85 ''station'':19,49,142 ''sticker'':47 ''stori'':133 ''summer'':87 ''taiga'':207 ''tale'':182 ''think'':135 ''tiger'':206 ''up'':77,178 ''us'':14 ''use'':119 ''visit'':116,171 ''wast'':24 ''way'':113 ''websit'':173 ''wednesday'':59 ''world'':35 ''young'':93,273 ''zone'':285 ''zoo'':68,90,118,161,305 ''zookeep'':138 ''zoologist'':274', '2026-05-10 16:02:03.848261+00', '2026-05-10 19:05:59.085041+00', 'openai', true),
	('adaf1265-7556-4d77-82ae-5e614390f4c5', 'Early Childhood Pop-Up:  Young Zoologist', 'Young Zoologist Practice your observation skills and learn what it takes to be a zoologist. Find our young zoologist stations in the Islands Zone on Thursdays between 11 a.m. and 1 p.m. to help us track the behavior of some islands mammals. We’ll work on our observation skills by marking where animals are in the exhibits and what they’re doing. Guests will also be able to test their knowledge by identifying different types of animal scat or tracks.  Price FREE with Louisville Zoo membership or admission  About Early Childhood Pop-ups The fun will be popping up this spring and summer at the Zoo!  Perfect for young learners, these new pop-up programs invite families and their children to play, observe and learn in new ways all while visiting the Zoo! Use your imagination during free play in the Cub House, gather around for a story reading, think like a zookeeper with animal activity stations or go on a Litter Critter quest. Pop up programs are FREE with membership or admission to the Zoo. For a full list of details and available sessions, visit our website.         EARLY CHILDHOOD POP-UPS 2026 SCHEDULE        Animal Tales Classes from 10:30 a.m. – 11:30 a.m.    April 19: HerpAquarium April 28: Giraffe Exhibit May 5: Islands / Little Penguin Exhibit May 12: Tiger Taiga May 19: Red Panda Exhibit  Little Critters Classes held in the MetaZoo from 3 p.m. – 5 p.m.   April 15, April 22, April 29 May 6, May 13, May 20, May 27  Playtime in the Cub House Classes held  from 10:00 a.m. – 11:30 a.m. in the Snow Leopard Cub House presented by PNC.   March 28 April 4,  April 25  (April 11 Cancelled) May 2  Young Zoologist Classes held from 11 a.m. – 1 p.m. in the Islands Zone   April 2, April 9, April 16, April 23, April 30 May 7, May 14, May 21, May 28', '2026-05-28 15:00:00+00', '2026-05-28 17:00:00+00', 'America/New_York', 'Louisville Zoo', NULL, '4f546c98-7985-4127-b472-c43254eb77c3', 38.2051766, -85.7053359, 2, 6, NULL, true, 'https://louisvillezoo.org/event/early-childhood-pop-up-young-zoologist/2026-05-28/', 'Louisville Zoo Events', 'f0386301-e604-479b-bf96-7d55cb4662d5', '["https://louisvillezoo.org/wp-content/uploads/2026/03/2026-Early-Childhood-Popups-1140x500-1.jpg"]', 'published', 0.750, NULL, false, 0, '''00'':272 ''1'':38,304 ''10'':209,271 ''11'':35,212,274,293,302 ''12'':229 ''13'':258 ''14'':323 ''15'':250 ''16'':315 ''19'':216,233 ''2'':296,311 ''20'':260 ''2026'':203 ''21'':325 ''22'':252 ''23'':317 ''25'':291 ''27'':262 ''28'':219,287,327 ''29'':254 ''3'':245 ''30'':210,213,275,319 ''4'':289 ''5'':223,247 ''6'':256 ''7'':321 ''9'':313 ''a.m'':36,211,214,273,276,303 ''abl'':74 ''activ'':165 ''admiss'':95,182 ''also'':72 ''anim'':60,84,164,205 ''april'':215,218,249,251,253,288,290,292,310,312,314,316,318 ''around'':154 ''avail'':193 ''behavior'':45 ''cancel'':294 ''childhood'':2,98,199 ''children'':129 ''class'':207,239,268,299 ''critter'':172,238 ''cub'':151,266,281 ''detail'':191 ''differ'':81 ''earli'':1,97,198 ''exhibit'':64,221,227,236 ''famili'':126 ''find'':23 ''free'':89,147,178 ''full'':188 ''fun'':103 ''gather'':153 ''giraff'':220 ''go'':168 ''guest'':70 ''held'':240,269,300 ''help'':41 ''herpaquarium'':217 ''hous'':152,267,282 ''identifi'':80 ''imagin'':145 ''invit'':125 ''island'':30,48,224,308 ''knowledg'':78 ''learn'':15,134 ''learner'':118 ''leopard'':280 ''like'':160 ''list'':189 ''litter'':171 ''littl'':225,237 ''ll'':51 ''louisvill'':91,328 ''mammal'':49 ''march'':286 ''mark'':58 ''may'':222,228,232,255,257,259,261,295,320,322,324,326 ''membership'':93,180 ''metazoo'':243 ''new'':120,136 ''observ'':12,55,132 ''p.m'':39,246,248,305 ''panda'':235 ''penguin'':226 ''perfect'':115 ''play'':131,148 ''playtim'':263 ''pnc'':285 ''pop'':4,100,106,122,174,201 ''pop-up'':3,99,121,200 ''practic'':10 ''present'':283 ''price'':88 ''program'':124,176 ''quest'':173 ''re'':68 ''read'':158 ''red'':234 ''scat'':85 ''schedul'':204 ''session'':194 ''skill'':13,56 ''snow'':279 ''spring'':109 ''station'':27,166 ''stori'':157 ''summer'':111 ''taiga'':231 ''take'':18 ''tale'':206 ''test'':76 ''think'':159 ''thursday'':33 ''tiger'':230 ''track'':43,87 ''type'':82 ''up'':101,202 ''us'':42 ''use'':143 ''visit'':140,195 ''way'':137 ''websit'':197 ''work'':52 ''young'':6,8,25,117,297 ''zone'':31,309 ''zoo'':92,114,142,185,329 ''zookeep'':162 ''zoologist'':7,9,22,26,298', '2026-05-10 16:02:11.1263+00', '2026-05-10 19:05:59.085041+00', 'openai', true),
	('44f13d11-c89a-44e6-b66f-c889dbd4e6c8', 'Early Childhood Pop-Up:  Playtime in the Cub House', 'Playtime in the Cub House Stop in and enjoy some free play time in the Cub House presented by PNC. Meet other zoo friends and play in our space, the snow leopards might even peek in to play hide and seek with you through the exhibit glass. We will open the Cub House for unstructured play time select Saturday mornings. The space will open for up to 30 people at a time to play from 10:00 a.m. to 11:30 a.m.  Price FREE with Louisville Zoo membership or admission  About Early Childhood Pop-ups The fun will be popping up this spring and summer at the Zoo!  Perfect for young learners, these new pop-up programs invite families and their children to play, observe and learn in new ways all while visiting the Zoo! Use your imagination during free play in the Cub House, gather around for a story reading, think like a zookeeper with animal activity stations or go on a Litter Critter quest. Pop up programs are FREE with membership or admission to the Zoo. For a full list of details and available sessions, visit our website.         EARLY CHILDHOOD POP-UPS 2026 SCHEDULE        Animal Tales Classes from 10:30 a.m. – 11:30 a.m.    April 19: HerpAquarium April 28: Giraffe Exhibit May 5: Islands / Little Penguin Exhibit May 12: Tiger Taiga May 19: Red Panda Exhibit  Little Critters Classes held in the MetaZoo from 3 p.m. – 5 p.m.   April 15, April 22, April 29 May 6, May 13, May 20, May 27  Playtime in the Cub House Classes held  from 10:00 a.m. – 11:30 a.m. in the Snow Leopard Cub House presented by PNC.   March 28 April 4,  April 25  (April 11 Cancelled) May 2  Young Zoologist Classes held from 11 a.m. – 1 p.m. in the Islands Zone   April 2, April 9, April 16, April 23, April 30 May 7, May 14, May 21, May 28', '2026-05-23 14:00:00+00', '2026-05-23 15:30:00+00', 'America/New_York', 'Cub House at Louisville Zoo', NULL, '4f546c98-7985-4127-b472-c43254eb77c3', 38.2527000, -85.7585000, 0, 5, NULL, true, 'https://louisvillezoo.org/event/early-childhood-pop-up-playtime-in-the-cub-house-2/2026-05-23/', 'Louisville Zoo Events', 'f0386301-e604-479b-bf96-7d55cb4662d5', '["https://louisvillezoo.org/wp-content/uploads/2026/03/2026-Early-Childhood-Popups-1140x500_Cubhouse.jpg"]', 'published', 0.750, NULL, false, 0, '''00'':87,277 ''1'':309 ''10'':86,214,276 ''11'':90,217,279,298,307 ''12'':234 ''13'':263 ''14'':328 ''15'':255 ''16'':320 ''19'':221,238 ''2'':301,316 ''20'':265 ''2026'':208 ''21'':330 ''22'':257 ''23'':322 ''25'':296 ''27'':267 ''28'':224,292,332 ''29'':259 ''3'':250 ''30'':78,91,215,218,280,324 ''4'':294 ''5'':228,252 ''6'':261 ''7'':326 ''9'':318 ''a.m'':88,92,216,219,278,281,308 ''activ'':170 ''admiss'':100,187 ''anim'':169,210 ''april'':220,223,254,256,258,293,295,297,315,317,319,321,323 ''around'':159 ''avail'':198 ''cancel'':299 ''childhood'':2,103,204 ''children'':134 ''class'':212,244,273,304 ''critter'':177,243 ''cub'':9,14,26,62,156,271,286,333 ''detail'':196 ''earli'':1,102,203 ''enjoy'':19 ''even'':44 ''exhibit'':56,226,232,241 ''famili'':131 ''free'':21,94,152,183 ''friend'':34 ''full'':193 ''fun'':108 ''gather'':158 ''giraff'':225 ''glass'':57 ''go'':173 ''held'':245,274,305 ''herpaquarium'':222 ''hide'':49 ''hous'':10,15,27,63,157,272,287,334 ''imagin'':150 ''invit'':130 ''island'':229,313 ''learn'':139 ''learner'':123 ''leopard'':42,285 ''like'':165 ''list'':194 ''litter'':176 ''littl'':230,242 ''louisvill'':96,336 ''march'':291 ''may'':227,233,237,260,262,264,266,300,325,327,329,331 ''meet'':31 ''membership'':98,185 ''metazoo'':248 ''might'':43 ''morn'':70 ''new'':125,141 ''observ'':137 ''open'':60,74 ''p.m'':251,253,310 ''panda'':240 ''peek'':45 ''penguin'':231 ''peopl'':79 ''perfect'':120 ''play'':22,36,48,66,84,136,153 ''playtim'':6,11,268 ''pnc'':30,290 ''pop'':4,105,111,127,179,206 ''pop-up'':3,104,126,205 ''present'':28,288 ''price'':93 ''program'':129,181 ''quest'':178 ''read'':163 ''red'':239 ''saturday'':69 ''schedul'':209 ''seek'':51 ''select'':68 ''session'':199 ''snow'':41,284 ''space'':39,72 ''spring'':114 ''station'':171 ''stop'':16 ''stori'':162 ''summer'':116 ''taiga'':236 ''tale'':211 ''think'':164 ''tiger'':235 ''time'':23,67,82 ''unstructur'':65 ''up'':106,207 ''use'':148 ''visit'':145,200 ''way'':142 ''websit'':202 ''young'':122,302 ''zone'':314 ''zoo'':33,97,119,147,190,337 ''zookeep'':167 ''zoologist'':303', '2026-05-10 16:01:52.164682+00', '2026-05-10 19:05:59.085041+00', 'openai', false),
	('6a0239c5-d7b1-47fb-afdf-1a581da3aff7', 'Conservation and Conversations: Urban Wildlife', 'Guest Presenter: wildlife disease ecologist Jake Shurba, Ph.D. student with Clemson University!  Conservation AND Conversations Dates: Final Wednesday of each month Virtual sessions: Check dates for times. Sessions on Google Meet Recordings available for registered participants upon request. In-person sessions: Check dates for times and locations. Cost: FREE with admission or membership to the Louisville Zoo.   Join the conversation! Talk with Louisville Zoo staff and knowledgeable guest presenters about a variety of conservation and environmental topics. Each month will focus on a different broad topic (like healthy ecosystem function or native plant management). Discussions will be guided by an expert guest presenter or a chosen book.   Participants will receive two to four emails per month with invitations to the monthly sessions, background information on topics and speakers, links to further learning resources and media recommendations, as well as opportunities to provide program feedback. You may request to be removed from our email list at any time.    Free Online Reservation              Conservation and Conversations Schedule         Conservation and Conversations: Polar Bears International (Virtual Session) February 25, 2026 @ 2:00 pm  Excited about polar bears? Join us this month as we celebrate international polar bear day and learn from the experts at Polar Bears International about the latest research and conservation efforts for these bears and the sea ice they depend on.        Conservation and Conversations: Beaverland (Virtual) Virtual:  March 25 at 2 p.m. In-Person:  March 28 at 2 p.m.   This month we are reading Beaverland: How One Weird Rodent Made America by Leila Philip. Our discussion will center on the book and what we can learn about and from these amazing animals.       Conservation and Conversations: kNOw Waste (Virtual) April 29, 2026 @ 2:00 pm  Join us this month to learn from experts from kNOw Waste about our waste systems and the ways microplastics are spreading throughout our world.       Conservation and Conversations: Urban Wildlife May 27, 2026 @ 2:00 pm  Guest Presenter: wildlife disease ecologist Jake Shurba, Ph.D. student with Clemson University        Conservation and Conversations: Soil (Virtual) Virtual:  June 24 at 2 p.m. In-Person:  June 27 at 2 p.m.   Join us for a discussion on the book Soil: The Story of a Black Mother’s Garden by Camille T. Dungy.        Conservation and Conversations: Tigers (Virtual) July 29, 2026 @ 2:00 pm  More information coming soon! Guest Presenter to be announced.        Conservation and Conversations: Urban Green Space (Virtual) August 26, 2026 @ 2:00 pm  More information coming soon! Guest Presenter to be announced.        Conservation and Conversations: Fuzz (In Person) In-Person:  Sept. 26 at 2 p.m. Virtual:  Sept. 30 at 2 p.m.   Book Discussion on Fuzz: When Nature Breaks the Law by Mary Roach                   More Family Events       Looking for more Education Events and programs?  Learn more!', '2026-05-27 18:00:00+00', '2026-05-27 19:00:00+00', 'America/New_York', 'Virtual Event', 'Virtual Event', '4f546c98-7985-4127-b472-c43254eb77c3', 38.2527000, -85.7585000, NULL, NULL, NULL, true, 'https://louisvillezoo.org/event/conservation-and-conversations-urban-wildlife/', 'Louisville Zoo Events', 'f0386301-e604-479b-bf96-7d55cb4662d5', '["https://louisvillezoo.org/wp-content/uploads/2026/02/2026-Conservation-and-Conversations_May.jpg"]', 'published', 0.750, NULL, false, 0, '''00'':183,288,323,386,408 ''2'':182,235,243,287,322,346,354,385,407,431,437 ''2026'':181,286,321,384,406 ''24'':344 ''25'':180,233 ''26'':405,429 ''27'':320,352 ''28'':241 ''29'':285,383 ''30'':435 ''admiss'':57 ''amaz'':276 ''america'':256 ''anim'':277 ''announc'':396,418 ''april'':284 ''august'':404 ''avail'':38 ''background'':129 ''bear'':175,188,198,207,218 ''beaverland'':229,250 ''black'':369 ''book'':113,266,363,439 ''break'':445 ''broad'':91 ''camill'':374 ''celebr'':195 ''center'':263 ''check'':29,48 ''chosen'':112 ''clemson'':16,335 ''come'':390,412 ''conserv'':1,18,80,167,171,214,226,278,314,337,377,397,419 ''convers'':3,20,66,169,173,228,280,316,339,379,399,421 ''cost'':54 ''date'':21,30,49 ''day'':199 ''depend'':224 ''differ'':90 ''discuss'':101,261,360,440 ''diseas'':9,328 ''dungi'':376 ''ecologist'':10,329 ''ecosystem'':95 ''educ'':457 ''effort'':215 ''email'':120,159 ''environment'':82 ''event'':453,458,464,466 ''excit'':185 ''expert'':107,204,297 ''famili'':452 ''februari'':179 ''feedback'':150 ''final'':22 ''focus'':87 ''four'':119 ''free'':55,164 ''function'':96 ''fuzz'':422,442 ''garden'':372 ''googl'':35 ''green'':401 ''guest'':6,74,108,325,392,414 ''guid'':104 ''healthi'':94 ''ice'':222 ''in-person'':44,237,348,425 ''inform'':130,389,411 ''intern'':176,196,208 ''invit'':124 ''jake'':11,330 ''join'':64,189,290,356 ''juli'':382 ''june'':343,351 ''know'':281,299 ''knowledg'':73 ''latest'':211 ''law'':447 ''learn'':138,201,271,295,461 ''leila'':258 ''like'':93 ''link'':135 ''list'':160 ''locat'':53 ''look'':454 ''louisvill'':62,69 ''made'':255 ''manag'':100 ''march'':232,240 ''mari'':449 ''may'':152,319 ''media'':141 ''meet'':36 ''membership'':59 ''microplast'':308 ''month'':26,85,122,127,192,246,293 ''mother'':370 ''nativ'':98 ''natur'':444 ''one'':252 ''onlin'':165 ''opportun'':146 ''p.m'':236,244,347,355,432,438 ''particip'':41,114 ''per'':121 ''person'':46,239,350,424,427 ''ph.d'':13,332 ''philip'':259 ''plant'':99 ''pm'':184,289,324,387,409 ''polar'':174,187,197,206 ''present'':7,75,109,326,393,415 ''program'':149,460 ''provid'':148 ''read'':249 ''receiv'':116 ''recommend'':142 ''record'':37 ''regist'':40 ''remov'':156 ''request'':43,153 ''research'':212 ''reserv'':166 ''resourc'':139 ''roach'':450 ''rodent'':254 ''schedul'':170 ''sea'':221 ''sept'':428,434 ''session'':28,33,47,128,178 ''shurba'':12,331 ''soil'':340,364 ''soon'':391,413 ''space'':402 ''speaker'':134 ''spread'':310 ''staff'':71 ''stori'':366 ''student'':14,333 ''system'':304 ''talk'':67 ''throughout'':311 ''tiger'':380 ''time'':32,51,163 ''topic'':83,92,132 ''two'':117 ''univers'':17,336 ''upon'':42 ''urban'':4,317,400 ''us'':190,291,357 ''varieti'':78 ''virtual'':27,177,230,231,283,341,342,381,403,433,463,465 ''wast'':282,300,303 ''way'':307 ''wednesday'':23 ''weird'':253 ''well'':144 ''wildlif'':5,8,318,327 ''world'':313 ''zoo'':63,70', '2026-05-10 16:01:57.785395+00', '2026-05-10 19:05:59.085041+00', 'openai', true),
	('6cb7f5a0-30c0-4ddb-b7b7-233578f3e535', 'Breakfast with the Beasts: Aldabra Tortoise', 'Buy Now! Join us for Breakfast with the Beasts, where you’ll have the chance to enjoy a morning meal while observing and learning about the fascinating world of the Aldabra Tortoise.  Wake up with some of your favorite animals in this program that brings a special look into how our animals start the day. Tickets include a hot breakfast featuring a waffle bar (Belgian waffles, assorted toppings, sausage links, fresh brewed coffee, orange juice and water), parking and admission for the day at the Zoo. Plus, the chance to ask all your questions to our knowledgeable staff! Breakfast will occur near the featured animals’ exhibit area and all programs will feature an exclusive keeper talk along with a chance to create enrichment for one of the Zoo’s animals!  Breakfast with the Beasts is intended for families with children ages 4 – 18.  Also good for scout and youth groups of the same age.  Prices $40 per person Age 2 and Under: $0 Advance purchase required.  Buy Now!           Breakfast with the Beasts Schedule        Breakfast with the Beasts: Beavers April 4, 2026 @ 9:00 am  Join us for Breakfast with the Beasts, where you’ll have the chance to enjoy a morning meal while observing and learning about the fascinating world of beavers.        Breakfast with the Beasts: Warthogs April 18, 2026 @ 9:00 am  Join us for Breakfast with the Beasts, where you’ll have the chance to enjoy a morning meal while observing and learning about the fascinating world of warthogs.       Breakfast with the Beasts: Zebra May 2, 2026 @ 9:00 am  Join us for Breakfast with the Beasts, where you’ll have the chance to enjoy a morning meal while observing and learning about the fascinating world of Zebra.       Breakfast with the Beasts: Aldabra Tortoise May 31, 2026 @ 9:00 am  Join us for Breakfast with the Beasts, where you’ll have the chance to enjoy a morning meal while observing and learning about the fascinating world of the Aldabra Tortoise.       Breakfast with the Beasts: Crocs and Gators June 13, 2026 @ 9:00 am  Join us for Breakfast with the Beasts, where you’ll have the chance to enjoy a morning meal while observing and learning about the fascinating world of Crocs and Gators.       Breakfast with the Beasts: Australia June 20, 2026 @ 9:00 am  Join us for Breakfast with the Beasts, where you’ll have the chance to enjoy a morning meal while observing and learning about the fascinating world of Australia.       Breakfast with the Beasts: Sumatran Tiger July 18, 2026 @ 9:00 am  Join us for Breakfast with the Beasts, where you’ll have the chance to enjoy a morning meal while observing and learning about the fascinating world of the Sumatran Tiger.       Breakfast with the Beasts: Giraffe August 8, 2026 @ 9:00 am  Join us for Breakfast with the Beasts, where you’ll have the chance to enjoy a morning meal while observing and learning about the fascinating world of Giraffes.       Breakfast with the Beasts: Orangutan August 15, 2026 @ 9:00 am  Join us for Breakfast with the Beasts, where you’ll have the chance to enjoy a morning meal while observing and learning about the fascinating world of Orangutans.       Breakfast with the Beasts: Aldabra Tortoise September 6, 2026 @ 9:00 am  Join us for Breakfast with the Beasts, where you’ll have the chance to enjoy a morning meal while observing and learning about the fascinating world of the Aldabra Tortoise.       Breakfast with the Beasts: Red Panda September 12, 2026 @ 9:00 am  Join us for Breakfast with the Beasts, where you’ll have the chance to enjoy a morning meal while observing and learning about the fascinating world of red pandas.               More Family Events       Looking for more Education Events and programs?  Learn more!', '2026-05-31 13:00:00+00', '2026-05-31 15:00:00+00', 'America/New_York', 'Zoo', NULL, '4f546c98-7985-4127-b472-c43254eb77c3', 38.2051766, -85.7053359, 4, 18, 40.00, false, 'https://louisvillezoo.org/event/breakfast-with-the-beasts-aldabra-tortoise/', 'Louisville Zoo Events', 'f0386301-e604-479b-bf96-7d55cb4662d5', '["https://louisvillezoo.org/wp-content/uploads/2026/04/2026-Breakfast-with-the-Beasts_1140X500_Tortoise.jpg"]', 'published', 0.650, NULL, false, 0, '''0'':169 ''00'':189,228,267,307,350,391,431,472,511,551,593 ''12'':590 ''13'':347 ''15'':508 ''18'':149,225,428 ''2'':166,264 ''20'':388 ''2026'':187,226,265,305,348,389,429,470,509,549,591 ''31'':304 ''4'':148,186 ''40'':162 ''6'':548 ''8'':469 ''9'':188,227,266,306,349,390,430,471,510,550,592 ''admiss'':86 ''advanc'':170 ''age'':147,160,165 ''aldabra'':5,37,301,337,545,581 ''along'':123 ''also'':150 ''anim'':46,58,111,136 ''april'':185,224 ''area'':113 ''ask'':97 ''assort'':73 ''august'':468,507 ''australia'':386,420 ''bar'':70 ''beast'':4,15,140,178,183,197,222,236,261,275,300,315,342,358,385,399,424,439,466,480,505,519,544,559,586,601 ''beaver'':184,218 ''belgian'':71 ''breakfast'':1,12,66,105,137,175,180,194,219,233,258,272,297,312,339,355,382,396,421,436,463,477,502,516,541,556,583,598 ''brew'':78 ''bring'':51 ''buy'':7,173 ''chanc'':21,95,126,203,242,281,321,364,405,445,486,525,565,607 ''children'':146 ''coffe'':79 ''creat'':128 ''croc'':343,379 ''day'':61,89 ''educ'':630 ''enjoy'':23,205,244,283,323,366,407,447,488,527,567,609 ''enrich'':129 ''event'':626,631 ''exclus'':120 ''exhibit'':112 ''famili'':144,625 ''fascin'':33,215,254,293,333,376,417,457,498,537,577,619 ''favorit'':45 ''featur'':67,110,118 ''fresh'':77 ''gator'':345,381 ''giraff'':467,501 ''good'':151 ''group'':156 ''hot'':65 ''includ'':63 ''intend'':142 ''join'':9,191,230,269,309,352,393,433,474,513,553,595 ''juic'':81 ''juli'':427 ''june'':346,387 ''keeper'':121 ''knowledg'':103 ''learn'':30,212,251,290,330,373,414,454,495,534,574,616,634 ''link'':76 ''ll'':18,200,239,278,318,361,402,442,483,522,562,604 ''look'':54,627 ''may'':263,303 ''meal'':26,208,247,286,326,369,410,450,491,530,570,612 ''morn'':25,207,246,285,325,368,409,449,490,529,569,611 ''near'':108 ''observ'':28,210,249,288,328,371,412,452,493,532,572,614 ''occur'':107 ''one'':131 ''orang'':80 ''orangutan'':506,540 ''panda'':588,623 ''park'':84 ''per'':163 ''person'':164 ''plus'':93 ''price'':161 ''program'':49,116,633 ''purchas'':171 ''question'':100 ''red'':587,622 ''requir'':172 ''sausag'':75 ''schedul'':179 ''scout'':153 ''septemb'':547,589 ''special'':53 ''staff'':104 ''start'':59 ''sumatran'':425,461 ''talk'':122 ''ticket'':62 ''tiger'':426,462 ''top'':74 ''tortois'':6,38,302,338,546,582 ''us'':10,192,231,270,310,353,394,434,475,514,554,596 ''waffl'':69,72 ''wake'':39 ''warthog'':223,257 ''water'':83 ''world'':34,216,255,294,334,377,418,458,499,538,578,620 ''youth'':155 ''zebra'':262,296 ''zoo'':92,134,636', '2026-05-10 16:02:25.383119+00', '2026-05-10 19:05:59.085041+00', 'openai', true),
	('f63624c0-98d3-4b6d-b03e-3992114006d9', 'Wild Workout: Pilates (Red Panda) - SOLD OUT', 'BUY NOW! Gate opens at 6 p.m. |  Class begins at 6:30 p.m.  Admire and imitate the graceful balance of our red pandas as you stretch and unwind in front of this forested exhibit space. You may find Sundara relaxing nearby on his favorite perch.    Join us for physical fun in the wild! We’re partnering with Flex Appeal to continue special Wild Workouts at your Zoo this year. We will be offering five unique outdoor classes after the Zoo closes, so you can stretch in some of your favorite exhibit spaces.  For beginners and seasoned practitioners alike, these classes are designed to help you increase flexibility, strengthen muscles, and improve overall health and recovery. Closed-toed shoes are strongly encouraged. Guests are also encouraged to bring a refillable water bottle that can be used at the bottle refill stations around the Zoo.  Classes are $25 each, plus a processing fee, and are available online only. All fitness levels and abilities are welcome. Tickets must be purchased online prior to the workout in order to attend.  The front gate opens at 6:00 p.m. Classes begin at 6:30 p.m.  Prices $25 per person plus processing fee  Classes sold out in 2025 — Reserve your spot early!         FITNESS EVENTS        Throo the Zoo 5K Run/Walk 2026 May 9, 2026 @ 8:00 am  Race on over for the WILDEST 5K in Louisville! This unique course doesn’t just go around the Zoo but takes you on a safari directly “throo” the Zoo! Participants receive a t-shirt, finishers medal, post-race refreshments, PLUS a ticket to visit the Zoo at a much slower pace!       Wild Workout: Yoga (Flamingos) – SOLD OUT May 13, 2026 @ 6:00 pm  Join the flamboyance during this low-impact, muscle strengthening workout. Focus on controlled movements as flamingos showcase the art of poise and balance nearby.     Wild Workout: Pilates (Red Panda) – SOLD OUT June 3, 2026 @ 6:00 pm  Admire and imitate the graceful balance of our red pandas as you stretch and unwind in front of this forested exhibit space.     Wild Workout: Yoga (Glacier Run) June 22, 2026 @ 6:00 pm  Join us in the arctic-inspired town of Glacier Run where you may see a grizzly or polar bear wandering about. It doesn’t matter if you can BEARly touch your toes, this workout is perfect for all fitness levels.      Wild Workout: Pilates (Giraffe) July 7, 2026 @ 6:00 pm  Find inspiration in nature as you stretch and strike a pose with our giraffe herd looking on.     Wild Workout: Yoga (Butterfly) July 22, 2026 @ 6:00 pm  Stretch your wings alongside our butterflies during this peaceful yoga session. Flitter inside our butterfly habitat post-workout to enjoy your animal inspiration up-close.      Wild Workout: Yoga (Colobus) August 1, 2026 @ 6:00 pm  Swing by and enjoy this one-of-a-kind workout after the Zoo closes. Increase your flexibility as you enjoy the sights and sounds of our colobus monkey family peering at you from their lush habitat.      Wild Workout: Pilates (Little Penguin) August 19, 2026 @ 6:00 pm  Enjoy a low-impact, muscle strengthening workout as our playful little penguins look on.      Wild Workout: Yoga (Giraffe) September 1, 2026 @ 6:00 pm  Find inspiration in nature as you stretch and strike a pose with our giraffe herd looking on. These gentle giants will soothe your mind and help you find inner peace after a long day     Wild Workout: Pilates (Pinniped) September 9, 2026 @ 6:00 pm  Find your flow at this low-impact, muscle strengthening workout as you watch our playful pinnipeds (seals and sea lions).     Throo the Boo 2026 November 7, 2026 @ 6:00 pm  Dash over and join us for the SWEETEST Fun Run in Louisville! This unique course doesn’t just go around the Zoo but takes you directly “throo” the Zoo along our popular Boo at the Zoo route.', '2026-06-03 22:00:00+00', '2026-06-03 23:30:00+00', 'America/New_York', 'Louisville Zoo, 1100 Trevilian Way, Louisville, KY, 40213, United States', 'Louisville Zoo, 1100 Trevilian Way, Louisville, KY, 40213, United States', '4f546c98-7985-4127-b472-c43254eb77c3', 38.2527000, -85.7585000, NULL, NULL, 25.00, false, 'https://louisvillezoo.org/event/wild-workout-pilates-red-panda/', 'Louisville Zoo Events', 'f0386301-e604-479b-bf96-7d55cb4662d5', '["https://louisvillezoo.org/wp-content/uploads/2026/03/2026-Wild-Workout-Header_June_Pilates.jpg"]', 'published', 0.783, NULL, false, 0, '''00'':191,227,292,330,363,414,441,478,526,551,595,626 ''1'':475,548 ''1100'':667,677 ''13'':289 ''19'':523 ''2025'':210 ''2026'':222,225,290,328,361,412,439,476,524,549,593,621,624 ''22'':360,438 ''25'':154,200 ''3'':327 ''30'':19,197 ''40213'':672,682 ''5k'':220,235 ''6'':13,18,190,196,291,329,362,413,440,477,525,550,594,625 ''7'':411,623 ''8'':226 ''9'':224,592 ''abil'':169 ''admir'':21,332 ''alik'':105 ''along'':657 ''alongsid'':446 ''also'':132 ''anim'':465 ''appeal'':66 ''arctic'':370 ''arctic-inspir'':369 ''around'':149,245,647 ''art'':313 ''attend'':184 ''august'':474,522 ''avail'':162 ''balanc'':26,317,337 ''bear'':384,394 ''begin'':16,194 ''beginn'':101 ''boo'':620,660 ''bottl'':139,146 ''bring'':135 ''butterfli'':436,448,457 ''buy'':8 ''class'':15,84,107,152,193,206 ''close'':88,124,469,494 ''closed-to'':123 ''colobus'':473,507 ''continu'':68 ''control'':307 ''cours'':240,642 ''dash'':628 ''day'':586 ''design'':109 ''direct'':254,653 ''doesn'':241,388,643 ''earli'':214 ''encourag'':129,133 ''enjoy'':463,483,500,528 ''event'':216 ''exhibit'':41,98,352 ''famili'':509 ''favorit'':51,97 ''fee'':159,205 ''find'':45,416,553,580,597 ''finish'':264 ''fit'':166,215,404 ''five'':81 ''flamboy'':296 ''flamingo'':285,310 ''flex'':65 ''flexibl'':114,497 ''flitter'':454 ''flow'':599 ''focus'':305 ''forest'':40,351 ''front'':37,186,348 ''fun'':57,636 ''gate'':10,187 ''gentl'':571 ''giant'':572 ''giraff'':409,429,546,566 ''glacier'':357,374 ''go'':244,646 ''grace'':25,336 ''grizzli'':381 ''guest'':130 ''habitat'':458,516 ''health'':120 ''help'':111,578 ''herd'':430,567 ''imit'':23,334 ''impact'':301,532,604 ''improv'':118 ''increas'':113,495 ''inner'':581 ''insid'':455 ''inspir'':371,417,466,554 ''join'':53,294,365,631 ''juli'':410,437 ''june'':326,359 ''kind'':489 ''ky'':671,681 ''level'':167,405 ''lion'':617 ''littl'':520,539 ''long'':585 ''look'':431,541,568 ''louisvill'':237,639,665,670,675,680 ''low'':300,531,603 ''low-impact'':299,530,602 ''lush'':515 ''matter'':390 ''may'':44,223,288,378 ''medal'':265 ''mind'':576 ''monkey'':508 ''movement'':308 ''much'':279 ''muscl'':116,302,533,605 ''must'':173 ''natur'':419,556 ''nearbi'':48,318 ''novemb'':622 ''offer'':80 ''one'':486 ''one-of-a-kind'':485 ''onlin'':163,176 ''open'':11,188 ''order'':182 ''outdoor'':83 ''overal'':119 ''p.m'':14,20,192,198 ''pace'':281 ''panda'':5,30,323,341 ''particip'':258 ''partner'':63 ''peac'':451,582 ''peer'':510 ''penguin'':521,540 ''per'':201 ''perch'':52 ''perfect'':401 ''person'':202 ''physic'':56 ''pilat'':3,321,408,519,589 ''pinnip'':590,613 ''play'':538,612 ''plus'':156,203,270 ''pm'':293,331,364,415,442,479,527,552,596,627 ''pois'':315 ''polar'':383 ''popular'':659 ''pose'':426,563 ''post'':267,460 ''post-rac'':266 ''post-workout'':459 ''practition'':104 ''price'':199 ''prior'':177 ''process'':158,204 ''purchas'':175 ''race'':229,268 ''re'':62 ''receiv'':259 ''recoveri'':122 ''red'':4,29,322,340 ''refil'':137,147 ''refresh'':269 ''relax'':47 ''reserv'':211 ''rout'':664 ''run'':358,375,637 ''run/walk'':221 ''safari'':253 ''sea'':616 ''seal'':614 ''season'':103 ''see'':379 ''septemb'':547,591 ''session'':453 ''shirt'':263 ''shoe'':126 ''showcas'':311 ''sight'':502 ''slower'':280 ''sold'':6,207,286,324 ''sooth'':574 ''sound'':504 ''space'':42,99,353 ''special'':69 ''spot'':213 ''state'':674,684 ''station'':148 ''strengthen'':115,303,534,606 ''stretch'':33,92,344,422,443,559 ''strike'':424,561 ''strong'':128 ''sundara'':46 ''sweetest'':635 ''swing'':480 ''t-shirt'':261 ''take'':249,651 ''throo'':217,255,618,654 ''ticket'':172,272 ''to'':125 ''toe'':397 ''touch'':395 ''town'':372 ''trevilian'':668,678 ''uniqu'':82,239,641 ''unit'':673,683 ''unwind'':35,346 ''up-clos'':467 ''us'':54,366,632 ''use'':143 ''visit'':274 ''wander'':385 ''watch'':610 ''water'':138 ''way'':669,679 ''welcom'':171 ''wild'':1,60,70,282,319,354,406,433,470,517,543,587 ''wildest'':234 ''wing'':445 ''workout'':2,71,180,283,304,320,355,399,407,434,461,471,490,518,535,544,588,607 ''year'':76 ''yoga'':284,356,435,452,472,545 ''zoo'':74,87,151,219,247,257,276,493,649,656,663,666,676', '2026-05-10 16:02:31.638227+00', '2026-05-10 19:05:59.085041+00', 'openai', true),
	('ca1da74c-3b71-4240-b70d-d8269ef2fa90', 'Super Summer Saturday (2026)', 'June 6, 2026 10 a.m. to 2 p.m. Free with Zoo Admission or your Louisville Membership  Pop! Bam! Wow! Fly, jump or warp your way over to the Zoo to visit with some of your favorite superheroes, here to kick off the summer season. While at the Zoo, learn about some of the amazing adaptations your favorite animals harness as their own wild “superpowers”.  Character meet and greets are FREE with Zoo admission or your Louisville Zoo Membership.   About Meet Me at the Zoo Imagination comes to life as kids (and kids-at-heart) meet some of their favorite characters from books, movies and more throughout the Zoo during this fun event series. Character meet and greets are FREE with Zoo admission or your Louisville Zoo Membership.  You’ll have multiple opportunities throughout the year to meet some of your favorite characters.  presented by          Meet Me at the Zoo        March 28 & 29 Bunny Hop Hop over for an EGGstra fun time as you meet the Easter Bunny, hunt for eggs and more.May 16 Storybook Character Day Your favorite characters hop straight off the page and into your Zoo. Meet Curious George, Pete the Cat and more!  June 6 Super Summer Saturday Fly, jump or warp your way over to the Zoo to visit with some of your favorite superheroes, here to kick off the summer season.  July 18 Summer Santa It’s a jolly summer holiday as Santa and Mrs. Claus stop at your Zoo while on vacation  August 8 Royal Rendezvous Join some of your favorite princesses as they close out the summer season with a special soiree at the Zoo.', '2026-06-06 14:00:00+00', '2026-06-06 18:00:00+00', 'America/New_York', 'Louisville Zoo, 1100 Trevilian Way, Louisville, KY, 40213, United States', 'Louisville Zoo, 1100 Trevilian Way, Louisville, KY, 40213, United States', '4f546c98-7985-4127-b472-c43254eb77c3', 38.2527000, -85.7585000, NULL, NULL, NULL, true, 'https://louisvillezoo.org/event/super-summer-saturday-2026/', 'Louisville Zoo Events', 'f0386301-e604-479b-bf96-7d55cb4662d5', '["https://louisvillezoo.org/wp-content/uploads/2026/02/hdr_Event_2026-Meet-Me-at-the-Zoo-1140x500_Super-Summer-Saturday.jpg"]', 'published', 0.817, NULL, false, 0, '''10'':8 ''1100'':280,290 ''16'':178 ''18'':233 ''2'':11 ''2026'':4,7 ''28'':156 ''29'':157 ''40213'':285,295 ''6'':6,203 ''8'':255 ''a.m'':9 ''adapt'':59 ''admiss'':16,77,127 ''amaz'':58 ''anim'':62 ''august'':254 ''bam'':22 ''book'':107 ''bunni'':158,172 ''cat'':199 ''charact'':69,105,119,147,180,184 ''claus'':246 ''close'':266 ''come'':90 ''curious'':195 ''day'':181 ''easter'':171 ''egg'':175 ''eggstra'':164 ''event'':117 ''favorit'':40,61,104,146,183,223,262 ''fli'':24,207 ''free'':13,74,124 ''fun'':116,165 ''georg'':196 ''greet'':72,122 ''har'':63 ''heart'':99 ''holiday'':241 ''hop'':159,160,185 ''hunt'':173 ''imagin'':89 ''join'':258 ''jolli'':239 ''juli'':232 ''jump'':25,208 ''june'':5,202 ''kick'':44,227 ''kid'':94,97 ''kids-at-heart'':96 ''ky'':284,294 ''learn'':53 ''life'':92 ''ll'':134 ''louisvill'':19,80,130,278,283,288,293 ''march'':155 ''meet'':70,84,100,120,142,150,169,194 ''membership'':20,82,132 ''more.may'':177 ''movi'':108 ''mrs'':245 ''multipl'':136 ''opportun'':137 ''p.m'':12 ''page'':189 ''pete'':197 ''pop'':21 ''present'':148 ''princess'':263 ''rendezv'':257 ''royal'':256 ''santa'':235,243 ''saturday'':3,206 ''season'':48,231,270 ''seri'':118 ''soire'':274 ''special'':273 ''state'':287,297 ''stop'':247 ''storybook'':179 ''straight'':186 ''summer'':2,47,205,230,234,240,269 ''super'':1,204 ''superhero'':41,224 ''superpow'':68 ''throughout'':111,138 ''time'':166 ''trevilian'':281,291 ''unit'':286,296 ''vacat'':253 ''visit'':35,218 ''warp'':27,210 ''way'':29,212,282,292 ''wild'':67 ''wow'':23 ''year'':140 ''zoo'':15,33,52,76,81,88,113,126,131,154,193,216,250,277,279,289', '2026-05-10 16:02:35.805639+00', '2026-05-10 19:05:59.085041+00', 'openai', true),
	('3ced4730-bc45-4f3a-b147-277d806b9146', 'Zoofari 2026', '| HOME | TICKETS | SPONSORS | FAQS | AUCTION | CONTACT | ADOPTIONS |              Join us in celebrating the 45th annual Zoofari gala, hosted by Friends of the Louisville Zoo, on Friday, June 12, 2026. This year, we are honoring three members of the Louisville Zoo’s majestic family: Masai giraffes Baridi, Kianga, Josie and Nyasi. The night begins with signature cocktails, hors d’oeuvres, dinner, silent auction, a bourbon pull, and live music provided by the Louisville Crashers.  Don’t miss out on special opportunities only available to sponsors, including animal encounters, VIP options, and a unique live auction. There is no other party in town like this!  All proceeds will support the enhancement and expansion of the Louisville Zoo.  Please note that this event is for guests who are 21+ only.                                                                Zoofari is hosted by the Friends of the Louisville Zoo board. The Friends of the Louisville Zoo (FOZ) was established in 1969 and is a 100% volunteer managed 501(c)(3) charitable organization (EIN #61-0721682), raising funds to support the enhancement and expansion of The Louisville Zoo.            ', '2026-06-12 22:00:00+00', '2026-06-13 03:00:00+00', 'America/New_York', 'Louisville Zoo, 1100 Trevilian Way, Louisville, KY, 40213, United States', 'Louisville Zoo, 1100 Trevilian Way, Louisville, KY, 40213, United States', '4f546c98-7985-4127-b472-c43254eb77c3', 38.2527000, -85.7585000, 21, NULL, NULL, false, 'https://louisvillezoo.org/event/zoofari-2026/', 'Louisville Zoo Events', 'f0386301-e604-479b-bf96-7d55cb4662d5', '["https://louisvillezoo.org/wp-content/uploads/2026/04/2026-Zoofari-1140x500_Final.jpg"]', 'published', 0.650, NULL, false, 0, '''-0721682'':164 ''100'':154 ''1100'':179,189 ''12'':29 ''1969'':150 ''2026'':2,30 ''21'':127 ''3'':159 ''40213'':184,194 ''45th'':15 ''501'':157 ''61'':163 ''adopt'':9 ''anim'':87 ''annual'':16 ''auction'':7,63,95 ''avail'':83 ''baridi'':47 ''begin'':54 ''board'':139 ''bourbon'':65 ''c'':158 ''celebr'':13 ''charit'':160 ''cocktail'':57 ''contact'':8 ''crasher'':74 ''d'':59 ''dinner'':61 ''ein'':162 ''encount'':88 ''enhanc'':110,170 ''establish'':148 ''event'':121 ''expans'':112,172 ''famili'':44 ''faq'':6 ''foz'':146 ''friday'':27 ''friend'':21,134,141 ''fund'':166 ''gala'':18 ''giraff'':46 ''guest'':124 ''home'':3 ''honor'':35 ''hor'':58 ''host'':19,131 ''includ'':86 ''join'':10 ''josi'':49 ''june'':28 ''kianga'':48 ''ky'':183,193 ''like'':103 ''live'':68,94 ''louisvill'':24,40,73,115,137,144,175,177,182,187,192 ''majest'':43 ''manag'':156 ''masai'':45 ''member'':37 ''miss'':77 ''music'':69 ''night'':53 ''note'':118 ''nyasi'':51 ''oeuvr'':60 ''opportun'':81 ''option'':90 ''organ'':161 ''parti'':100 ''pleas'':117 ''proceed'':106 ''provid'':70 ''pull'':66 ''rais'':165 ''signatur'':56 ''silent'':62 ''special'':80 ''sponsor'':5,85 ''state'':186,196 ''support'':108,168 ''three'':36 ''ticket'':4 ''town'':102 ''trevilian'':180,190 ''uniqu'':93 ''unit'':185,195 ''us'':11 ''vip'':89 ''volunt'':155 ''way'':181,191 ''year'':32 ''zoo'':25,41,116,138,145,176,178,188 ''zoofari'':1,17,129', '2026-05-10 16:02:42.139915+00', '2026-05-10 19:05:59.085041+00', 'openai', true),
	('57e8c11c-f367-498d-847d-b01e43803ba4', 'Breakfast with the Beasts: Crocs and Gators', 'Buy Now! Join us for Breakfast with the Beasts, where you’ll have the chance to enjoy a morning meal while observing and learning about the fascinating world of Crocs and Gators.  Wake up with some of your favorite animals in this program that brings a special look into how our animals start the day. Tickets include a hot breakfast featuring a waffle bar (Belgian waffles, assorted toppings, sausage links, fresh brewed coffee, orange juice and water), parking and admission for the day at the Zoo. Plus, the chance to ask all your questions to our knowledgeable staff! Breakfast will occur near the featured animals’ exhibit area and all programs will feature an exclusive keeper talk along with a chance to create enrichment for one of the Zoo’s animals!  Breakfast with the Beasts is intended for families with children ages 4 – 18.  Also good for scout and youth groups of the same age.  Prices $40 per person Age 2 and Under: $0 Advance purchase required.  Buy Now!           Breakfast with the Beasts Schedule        Breakfast with the Beasts: Beavers April 4, 2026 @ 9:00 am  Join us for Breakfast with the Beasts, where you’ll have the chance to enjoy a morning meal while observing and learning about the fascinating world of beavers.        Breakfast with the Beasts: Warthogs April 18, 2026 @ 9:00 am  Join us for Breakfast with the Beasts, where you’ll have the chance to enjoy a morning meal while observing and learning about the fascinating world of warthogs.       Breakfast with the Beasts: Zebra May 2, 2026 @ 9:00 am  Join us for Breakfast with the Beasts, where you’ll have the chance to enjoy a morning meal while observing and learning about the fascinating world of Zebra.       Breakfast with the Beasts: Aldabra Tortoise May 31, 2026 @ 9:00 am  Join us for Breakfast with the Beasts, where you’ll have the chance to enjoy a morning meal while observing and learning about the fascinating world of the Aldabra Tortoise.       Breakfast with the Beasts: Crocs and Gators June 13, 2026 @ 9:00 am  Join us for Breakfast with the Beasts, where you’ll have the chance to enjoy a morning meal while observing and learning about the fascinating world of Crocs and Gators.       Breakfast with the Beasts: Australia June 20, 2026 @ 9:00 am  Join us for Breakfast with the Beasts, where you’ll have the chance to enjoy a morning meal while observing and learning about the fascinating world of Australia.       Breakfast with the Beasts: Sumatran Tiger July 18, 2026 @ 9:00 am  Join us for Breakfast with the Beasts, where you’ll have the chance to enjoy a morning meal while observing and learning about the fascinating world of the Sumatran Tiger.       Breakfast with the Beasts: Giraffe August 8, 2026 @ 9:00 am  Join us for Breakfast with the Beasts, where you’ll have the chance to enjoy a morning meal while observing and learning about the fascinating world of Giraffes.       Breakfast with the Beasts: Orangutan August 15, 2026 @ 9:00 am  Join us for Breakfast with the Beasts, where you’ll have the chance to enjoy a morning meal while observing and learning about the fascinating world of Orangutans.       Breakfast with the Beasts: Aldabra Tortoise September 6, 2026 @ 9:00 am  Join us for Breakfast with the Beasts, where you’ll have the chance to enjoy a morning meal while observing and learning about the fascinating world of the Aldabra Tortoise.       Breakfast with the Beasts: Red Panda September 12, 2026 @ 9:00 am  Join us for Breakfast with the Beasts, where you’ll have the chance to enjoy a morning meal while observing and learning about the fascinating world of red pandas.               More Family Events       Looking for more Education Events and programs?  Learn more!', '2026-06-13 13:00:00+00', '2026-06-13 15:00:00+00', 'America/New_York', 'Zoo', NULL, '4f546c98-7985-4127-b472-c43254eb77c3', 38.2051766, -85.7053359, 4, 18, 40.00, false, 'https://louisvillezoo.org/event/breakfast-with-the-beasts-crocs-and-gators/', 'Louisville Zoo Events', 'f0386301-e604-479b-bf96-7d55cb4662d5', '["https://louisvillezoo.org/wp-content/uploads/2026/04/2026-Breakfast-with-the-Beasts_1140X500_Croc.jpg"]', 'published', 0.700, NULL, false, 0, '''0'':170 ''00'':190,229,268,308,351,392,432,473,512,552,594 ''12'':591 ''13'':348 ''15'':509 ''18'':150,226,429 ''2'':167,265 ''20'':389 ''2026'':188,227,266,306,349,390,430,471,510,550,592 ''31'':305 ''4'':149,187 ''40'':163 ''6'':549 ''8'':470 ''9'':189,228,267,307,350,391,431,472,511,551,593 ''admiss'':87 ''advanc'':171 ''age'':148,161,166 ''aldabra'':302,338,546,582 ''along'':124 ''also'':151 ''anim'':47,59,112,137 ''april'':186,225 ''area'':114 ''ask'':98 ''assort'':74 ''august'':469,508 ''australia'':387,421 ''bar'':71 ''beast'':4,16,141,179,184,198,223,237,262,276,301,316,343,359,386,400,425,440,467,481,506,520,545,560,587,602 ''beaver'':185,219 ''belgian'':72 ''breakfast'':1,13,67,106,138,176,181,195,220,234,259,273,298,313,340,356,383,397,422,437,464,478,503,517,542,557,584,599 ''brew'':79 ''bring'':52 ''buy'':8,174 ''chanc'':22,96,127,204,243,282,322,365,406,446,487,526,566,608 ''children'':147 ''coffe'':80 ''creat'':129 ''croc'':5,37,344,380 ''day'':62,90 ''educ'':631 ''enjoy'':24,206,245,284,324,367,408,448,489,528,568,610 ''enrich'':130 ''event'':627,632 ''exclus'':121 ''exhibit'':113 ''famili'':145,626 ''fascin'':34,216,255,294,334,377,418,458,499,538,578,620 ''favorit'':46 ''featur'':68,111,119 ''fresh'':78 ''gator'':7,39,346,382 ''giraff'':468,502 ''good'':152 ''group'':157 ''hot'':66 ''includ'':64 ''intend'':143 ''join'':10,192,231,270,310,353,394,434,475,514,554,596 ''juic'':82 ''juli'':428 ''june'':347,388 ''keeper'':122 ''knowledg'':104 ''learn'':31,213,252,291,331,374,415,455,496,535,575,617,635 ''link'':77 ''ll'':19,201,240,279,319,362,403,443,484,523,563,605 ''look'':55,628 ''may'':264,304 ''meal'':27,209,248,287,327,370,411,451,492,531,571,613 ''morn'':26,208,247,286,326,369,410,450,491,530,570,612 ''near'':109 ''observ'':29,211,250,289,329,372,413,453,494,533,573,615 ''occur'':108 ''one'':132 ''orang'':81 ''orangutan'':507,541 ''panda'':589,624 ''park'':85 ''per'':164 ''person'':165 ''plus'':94 ''price'':162 ''program'':50,117,634 ''purchas'':172 ''question'':101 ''red'':588,623 ''requir'':173 ''sausag'':76 ''schedul'':180 ''scout'':154 ''septemb'':548,590 ''special'':54 ''staff'':105 ''start'':60 ''sumatran'':426,462 ''talk'':123 ''ticket'':63 ''tiger'':427,463 ''top'':75 ''tortois'':303,339,547,583 ''us'':11,193,232,271,311,354,395,435,476,515,555,597 ''waffl'':70,73 ''wake'':40 ''warthog'':224,258 ''water'':84 ''world'':35,217,256,295,335,378,419,459,500,539,579,621 ''youth'':156 ''zebra'':263,297 ''zoo'':93,135,637', '2026-05-10 16:02:47.815355+00', '2026-05-10 19:05:59.085041+00', 'openai', true),
	('012e5d5f-3a58-424a-8b87-41d271571d55', 'Trivia Night - Wild World of Disney', 'Advance purchase required. Doors open at 6:30 p.m. | Trivia begins at 7:00 p.m.  Purchase Tickets!  Join us after-hours for a wild, themed trivia game. These fun-filled evenings will feature music, prizes and of course, trivia! Food and drink specials will be available. Prizes will be awarded to the first, second and third place teams. Evening hosted by Louisville Trivia.   Wild World of Disney Put on your thinking cap (or favorite pair of Mickey ears) for this wild night of trivia. You’ll have to do more than wish upon a star to take the top prize.    Prices Individual ticket: $25 Team of 4: $80 Team of 8: $160  Purchase Tickets!  Notes:   Eight is the maximum number of members you can have on one team. This event is for guests ages 21 and older. No children will be admitted. Outside alcohol will not be permitted. There are no refunds, rainchecks or discounts for this special experience.         Trivia Nights Schedule        Trivia Night – Zooper Heroes March 18, 2026 @ 6:30 pm  Join us for this green-themed trivia night and test your luck for a chance to win a pot of gold. (Actual prizes do not include real gold coins.)      Trivia Night – April Fools April 15, 2026 @ 6:30 pm  Expect the unexpected! See what zany tricks we have up our sleeves at this punny and wacky night of trivia fun.     Trivia Night – Revenge of the Sixth May 6, 2026 @ 6:30 pm  May the facts be with you as you take on this galactic challenge. You could play Star Wars trivia Solo, but we recommend building a team of jedi masters. Seats may fill up in less than 12 parsecs, so do (or do not) reserve your seat early.     Trivia Night – Wild World of Disney June 17, 2026 @ 6:30 pm  Put on your thinking cap (or favorite pair of Mickey ears) for this wild night of trivia. You’ll have to do more than wish upon a star to take the top prize.      Trivia Night – Spicy Summer Reads July 15, 2026 @ 6:30 pm  Summer is heating up! Sparks will fly at this wild night of trivia based on book boyfriends from fan-favorite novels across all genres of romance.      Trivia Night – Mystery Flavor August 12, 2026 @ 6:30 pm  You can guess, but we won’t tell you! Join us for a wild night of trivia with a super-secret theme. Don’t worry—we promise it’s a good one.     Trivia Night – Wild World of Disney September 2, 2026 @ 6:30 pm  Put on your thinking cap (or favorite pair of Mickey ears) for this wild night of trivia. You’ll have to do more than wish upon a star to take the top prize.      Trivia Night – Cozy Caper November 18, 2026 @ 6:30 pm  Only the greatest detectives will be able to solve the mystery. Answer trivia questions and put together clues to figure out ZOOdunnit.     Trivia Night – Jungle Bells December 16, 2026 @ 6:30 pm  Don your ugliest holiday sweater and test your knowledge for this wildly festive reindeer game.           More 21+ Events       Looking for more grown-up fun at your Zoo? Enjoy our lineup of adult-only events this year! Check out similar events at your Zoo like Happy Hours, Brew at the Zoo and Monarchs & Mimosas.  Learn more…', '2026-06-17 22:30:00+00', '2026-06-18 01:00:00+00', 'America/New_York', 'Louisville Zoo, 1100 Trevilian Way, Louisville, KY, 40213, United States', 'Louisville Zoo, 1100 Trevilian Way, Louisville, KY, 40213, United States', '4f546c98-7985-4127-b472-c43254eb77c3', 38.2527000, -85.7585000, 21, NULL, 25.00, false, 'https://louisvillezoo.org/event/trivia-night-wild-world-of-disney-2026-06-17/', 'Louisville Zoo Events', 'f0386301-e604-479b-bf96-7d55cb4662d5', '["https://louisvillezoo.org/wp-content/uploads/2026/01/2026-Trivia-Night-June-Disney-1140x500-1.jpg"]', 'published', 0.533, NULL, false, 0, '''00'':20 ''1100'':573,583 ''12'':290,389 ''15'':216,352 ''16'':509 ''160'':120 ''17'':308 ''18'':176,477 ''2'':434 ''2026'':177,217,250,309,353,390,435,478,510 ''21'':143,530 ''25'':112 ''30'':14,179,219,252,311,355,392,437,480,512 ''4'':115 ''40213'':578,588 ''6'':13,178,218,249,251,310,354,391,436,479,511 ''7'':19 ''8'':119 ''80'':116 ''abl'':488 ''across'':379 ''actual'':203 ''admit'':150 ''adult'':547 ''adult-on'':546 ''advanc'':7 ''after-hour'':26 ''age'':142 ''alcohol'':152 ''answer'':493 ''april'':213,215 ''august'':388 ''avail'':54 ''award'':58 ''base'':370 ''begin'':17 ''bell'':507 ''book'':372 ''boyfriend'':373 ''brew'':562 ''build'':277 ''cap'':80,317,443 ''caper'':475 ''challeng'':266 ''chanc'':196 ''check'':552 ''children'':147 ''clue'':499 ''coin'':210 ''could'':268 ''cours'':46 ''cozi'':474 ''decemb'':508 ''detect'':485 ''discount'':163 ''disney'':6,75,306,432 ''door'':10 ''drink'':50 ''ear'':86,323,449 ''earli'':300 ''eight'':124 ''enjoy'':542 ''even'':39,67 ''event'':138,531,549,555 ''expect'':221 ''experi'':167 ''fact'':256 ''fan'':376 ''fan-favorit'':375 ''favorit'':82,319,377,445 ''featur'':41 ''festiv'':526 ''figur'':501 ''fill'':38,285 ''first'':61 ''flavor'':387 ''fli'':363 ''food'':48 ''fool'':214 ''fun'':37,241,538 ''fun-fil'':36 ''galact'':265 ''game'':34,528 ''genr'':381 ''gold'':202,209 ''good'':425 ''greatest'':484 ''green'':186 ''green-them'':185 ''grown'':536 ''grown-up'':535 ''guess'':396 ''guest'':141 ''happi'':560 ''heat'':359 ''hero'':174 ''holiday'':517 ''host'':68 ''hour'':28,561 ''includ'':207 ''individu'':110 ''jedi'':281 ''join'':24,181,403 ''juli'':351 ''june'':307 ''jungl'':506 ''knowledg'':522 ''ky'':577,587 ''learn'':569 ''less'':288 ''like'':559 ''lineup'':544 ''ll'':94,331,457 ''look'':532 ''louisvill'':70,571,576,581,586 ''luck'':193 ''march'':175 ''master'':282 ''maximum'':127 ''may'':248,254,284 ''member'':130 ''mickey'':85,322,448 ''mimosa'':568 ''monarch'':567 ''music'':42 ''mysteri'':386,492 ''night'':2,90,169,172,189,212,238,243,302,327,347,367,385,408,428,453,473,505 ''note'':123 ''novel'':378 ''novemb'':476 ''number'':128 ''older'':145 ''one'':135,426 ''open'':11 ''outsid'':151 ''p.m'':15,21 ''pair'':83,320,446 ''parsec'':291 ''permit'':156 ''place'':65 ''play'':269 ''pm'':180,220,253,312,356,393,438,481,513 ''pot'':200 ''price'':109 ''prize'':43,55,108,204,345,471 ''promis'':421 ''punni'':235 ''purchas'':8,22,121 ''put'':76,313,439,497 ''question'':495 ''raincheck'':161 ''read'':350 ''real'':208 ''recommend'':276 ''refund'':160 ''reindeer'':527 ''requir'':9 ''reserv'':297 ''reveng'':244 ''romanc'':383 ''schedul'':170 ''seat'':283,299 ''second'':62 ''secret'':415 ''see'':224 ''septemb'':433 ''similar'':554 ''sixth'':247 ''sleev'':232 ''solo'':273 ''solv'':490 ''spark'':361 ''special'':51,166 ''spici'':348 ''star'':103,270,340,466 ''state'':580,590 ''summer'':349,357 ''super'':414 ''super-secret'':413 ''sweater'':518 ''take'':105,262,342,468 ''team'':66,113,117,136,279 ''tell'':401 ''test'':191,520 ''theme'':32,187,416 ''think'':79,316,442 ''third'':64 ''ticket'':23,111,122 ''togeth'':498 ''top'':107,344,470 ''trevilian'':574,584 ''trick'':227 ''trivia'':1,16,33,47,71,92,168,171,188,211,240,242,272,301,329,346,369,384,410,427,455,472,494,504 ''ugliest'':516 ''unexpect'':223 ''unit'':579,589 ''upon'':101,338,464 ''us'':25,182,404 ''wacki'':237 ''war'':271 ''way'':575,585 ''wild'':3,31,72,89,303,326,366,407,429,452,525 ''win'':198 ''wish'':100,337,463 ''won'':399 ''world'':4,73,304,430 ''worri'':419 ''year'':551 ''zani'':226 ''zoo'':541,558,565,572,582 ''zoodunnit'':503 ''zooper'':173', '2026-05-10 16:02:53.292034+00', '2026-05-10 19:05:59.085041+00', 'openai', false),
	('6a07142c-01e3-47f8-908c-e98f68b33eec', 'Early Childhood Pop-Up:  Litter Critters', 'Litter Critters Plastic is everywhere! Join us at our Litter Critter stations to learn how plastic waste effects animals and humans here in Kentucky and around the world. We’ll play games focused on recycling to earn a special sticker! These stations will be in the MetaZoo or the HerpAquarium on Wednesday afternoons in the spring.  Price FREE with Louisville Zoo membership or admission  About Early Childhood Pop-ups The fun will be popping up this spring and summer at the Zoo!  Perfect for young learners, these new pop-up programs invite families and their children to play, observe and learn in new ways all while visiting the Zoo! Use your imagination during free play in the Cub House, gather around for a story reading, think like a zookeeper with animal activity stations or go on a Litter Critter quest. Pop up programs are FREE with membership or admission to the Zoo. For a full list of details and available sessions, visit our website.         EARLY CHILDHOOD POP-UPS 2026 SCHEDULE        Animal Tales Classes from 10:30 a.m. – 11:30 a.m.    April 19: HerpAquarium April 28: Giraffe Exhibit May 5: Islands / Little Penguin Exhibit May 12: Tiger Taiga May 19: Red Panda Exhibit  Little Critters Classes held in the MetaZoo from 3 p.m. – 5 p.m.   April 15, April 22, April 29 May 6, May 13, May 20, May 27  Playtime in the Cub House Classes held  from 10:00 a.m. – 11:30 a.m. in the Snow Leopard Cub House presented by PNC.   March 28 April 4,  April 25  (April 11 Cancelled) May 2  Young Zoologist Classes held from 11 a.m. – 1 p.m. in the Islands Zone   April 2, April 9, April 16, April 23, April 30 May 7, May 14, May 21, May 28', '2026-05-20 19:00:00+00', '2026-05-20 21:00:00+00', 'America/New_York', 'Louisville Zoo', NULL, '4f546c98-7985-4127-b472-c43254eb77c3', 38.2051766, -85.7053359, 0, 5, NULL, true, 'https://louisvillezoo.org/event/early-childhood-pop-up-little-critters/2026-05-20/', 'Louisville Zoo Events', 'f0386301-e604-479b-bf96-7d55cb4662d5', '["https://louisvillezoo.org/wp-content/uploads/2026/03/2026-Early-Childhood-Popups-1140x500_Litter-Critter.jpg"]', 'published', 0.750, NULL, false, 0, '''00'':248 ''1'':280 ''10'':185,247 ''11'':188,250,269,278 ''12'':205 ''13'':234 ''14'':299 ''15'':226 ''16'':291 ''19'':192,209 ''2'':272,287 ''20'':236 ''2026'':179 ''21'':301 ''22'':228 ''23'':293 ''25'':267 ''27'':238 ''28'':195,263,303 ''29'':230 ''3'':221 ''30'':186,189,251,295 ''4'':265 ''5'':199,223 ''6'':232 ''7'':297 ''9'':289 ''a.m'':187,190,249,252,279 ''activ'':141 ''admiss'':71,158 ''afternoon'':60 ''anim'':26,140,181 ''april'':191,194,225,227,229,264,266,268,286,288,290,292,294 ''around'':33,130 ''avail'':169 ''cancel'':270 ''childhood'':2,74,175 ''children'':105 ''class'':183,215,244,275 ''critter'':7,9,18,148,214 ''cub'':127,242,257 ''detail'':167 ''earli'':1,73,174 ''earn'':44 ''effect'':25 ''everywher'':12 ''exhibit'':197,203,212 ''famili'':102 ''focus'':40 ''free'':65,123,154 ''full'':164 ''fun'':79 ''game'':39 ''gather'':129 ''giraff'':196 ''go'':144 ''held'':216,245,276 ''herpaquarium'':57,193 ''hous'':128,243,258 ''human'':28 ''imagin'':121 ''invit'':101 ''island'':200,284 ''join'':13 ''kentucki'':31 ''learn'':21,110 ''learner'':94 ''leopard'':256 ''like'':136 ''list'':165 ''litter'':6,8,17,147 ''littl'':201,213 ''ll'':37 ''louisvill'':67,304 ''march'':262 ''may'':198,204,208,231,233,235,237,271,296,298,300,302 ''membership'':69,156 ''metazoo'':54,219 ''new'':96,112 ''observ'':108 ''p.m'':222,224,281 ''panda'':211 ''penguin'':202 ''perfect'':91 ''plastic'':10,23 ''play'':38,107,124 ''playtim'':239 ''pnc'':261 ''pop'':4,76,82,98,150,177 ''pop-up'':3,75,97,176 ''present'':259 ''price'':64 ''program'':100,152 ''quest'':149 ''read'':134 ''recycl'':42 ''red'':210 ''schedul'':180 ''session'':170 ''snow'':255 ''special'':46 ''spring'':63,85 ''station'':19,49,142 ''sticker'':47 ''stori'':133 ''summer'':87 ''taiga'':207 ''tale'':182 ''think'':135 ''tiger'':206 ''up'':77,178 ''us'':14 ''use'':119 ''visit'':116,171 ''wast'':24 ''way'':113 ''websit'':173 ''wednesday'':59 ''world'':35 ''young'':93,273 ''zone'':285 ''zoo'':68,90,118,161,305 ''zookeep'':138 ''zoologist'':274', '2026-05-10 16:01:28.137911+00', '2026-05-10 19:05:59.085041+00', 'openai', true),
	('0a947163-5e71-4a07-82d3-66b74fb42e19', 'Breakfast with the Beasts: Australia', 'Buy Now! Join us for Breakfast with the Beasts, where you’ll have the chance to enjoy a morning meal while observing and learning about the fascinating world of Australia.  Wake up with some of your favorite animals in this program that brings a special look into how our animals start the day. Tickets include a hot breakfast featuring a waffle bar (Belgian waffles, assorted toppings, sausage links, fresh brewed coffee, orange juice and water), parking and admission for the day at the Zoo. Plus, the chance to ask all your questions to our knowledgeable staff! Breakfast will occur near the featured animals’ exhibit area and all programs will feature an exclusive keeper talk along with a chance to create enrichment for one of the Zoo’s animals!  Breakfast with the Beasts is intended for families with children ages 4 – 18.  Also good for scout and youth groups of the same age.  Prices $40 per person Age 2 and Under: $0 Advance purchase required.  Buy Now!           Breakfast with the Beasts Schedule        Breakfast with the Beasts: Beavers April 4, 2026 @ 9:00 am  Join us for Breakfast with the Beasts, where you’ll have the chance to enjoy a morning meal while observing and learning about the fascinating world of beavers.        Breakfast with the Beasts: Warthogs April 18, 2026 @ 9:00 am  Join us for Breakfast with the Beasts, where you’ll have the chance to enjoy a morning meal while observing and learning about the fascinating world of warthogs.       Breakfast with the Beasts: Zebra May 2, 2026 @ 9:00 am  Join us for Breakfast with the Beasts, where you’ll have the chance to enjoy a morning meal while observing and learning about the fascinating world of Zebra.       Breakfast with the Beasts: Aldabra Tortoise May 31, 2026 @ 9:00 am  Join us for Breakfast with the Beasts, where you’ll have the chance to enjoy a morning meal while observing and learning about the fascinating world of the Aldabra Tortoise.       Breakfast with the Beasts: Crocs and Gators June 13, 2026 @ 9:00 am  Join us for Breakfast with the Beasts, where you’ll have the chance to enjoy a morning meal while observing and learning about the fascinating world of Crocs and Gators.       Breakfast with the Beasts: Australia June 20, 2026 @ 9:00 am  Join us for Breakfast with the Beasts, where you’ll have the chance to enjoy a morning meal while observing and learning about the fascinating world of Australia.       Breakfast with the Beasts: Sumatran Tiger July 18, 2026 @ 9:00 am  Join us for Breakfast with the Beasts, where you’ll have the chance to enjoy a morning meal while observing and learning about the fascinating world of the Sumatran Tiger.       Breakfast with the Beasts: Giraffe August 8, 2026 @ 9:00 am  Join us for Breakfast with the Beasts, where you’ll have the chance to enjoy a morning meal while observing and learning about the fascinating world of Giraffes.       Breakfast with the Beasts: Orangutan August 15, 2026 @ 9:00 am  Join us for Breakfast with the Beasts, where you’ll have the chance to enjoy a morning meal while observing and learning about the fascinating world of Orangutans.       Breakfast with the Beasts: Aldabra Tortoise September 6, 2026 @ 9:00 am  Join us for Breakfast with the Beasts, where you’ll have the chance to enjoy a morning meal while observing and learning about the fascinating world of the Aldabra Tortoise.       Breakfast with the Beasts: Red Panda September 12, 2026 @ 9:00 am  Join us for Breakfast with the Beasts, where you’ll have the chance to enjoy a morning meal while observing and learning about the fascinating world of red pandas.               More Family Events       Looking for more Education Events and programs?  Learn more!', '2026-06-20 13:00:00+00', '2026-06-20 15:00:00+00', 'America/New_York', 'Zoo', NULL, '4f546c98-7985-4127-b472-c43254eb77c3', 38.2051766, -85.7053359, 4, 18, 40.00, false, 'https://louisvillezoo.org/event/breakfast-with-the-beasts-australia/', 'Louisville Zoo Events', 'f0386301-e604-479b-bf96-7d55cb4662d5', '["https://louisvillezoo.org/wp-content/uploads/2026/04/2026-Breakfast-with-the-Beasts_1140X500_Australia.jpg"]', 'published', 0.700, NULL, false, 0, '''0'':166 ''00'':186,225,264,304,347,388,428,469,508,548,590 ''12'':587 ''13'':344 ''15'':505 ''18'':146,222,425 ''2'':163,261 ''20'':385 ''2026'':184,223,262,302,345,386,426,467,506,546,588 ''31'':301 ''4'':145,183 ''40'':159 ''6'':545 ''8'':466 ''9'':185,224,263,303,346,387,427,468,507,547,589 ''admiss'':83 ''advanc'':167 ''age'':144,157,162 ''aldabra'':298,334,542,578 ''along'':120 ''also'':147 ''anim'':43,55,108,133 ''april'':182,221 ''area'':110 ''ask'':94 ''assort'':70 ''august'':465,504 ''australia'':5,35,383,417 ''bar'':67 ''beast'':4,14,137,175,180,194,219,233,258,272,297,312,339,355,382,396,421,436,463,477,502,516,541,556,583,598 ''beaver'':181,215 ''belgian'':68 ''breakfast'':1,11,63,102,134,172,177,191,216,230,255,269,294,309,336,352,379,393,418,433,460,474,499,513,538,553,580,595 ''brew'':75 ''bring'':48 ''buy'':6,170 ''chanc'':20,92,123,200,239,278,318,361,402,442,483,522,562,604 ''children'':143 ''coffe'':76 ''creat'':125 ''croc'':340,376 ''day'':58,86 ''educ'':627 ''enjoy'':22,202,241,280,320,363,404,444,485,524,564,606 ''enrich'':126 ''event'':623,628 ''exclus'':117 ''exhibit'':109 ''famili'':141,622 ''fascin'':32,212,251,290,330,373,414,454,495,534,574,616 ''favorit'':42 ''featur'':64,107,115 ''fresh'':74 ''gator'':342,378 ''giraff'':464,498 ''good'':148 ''group'':153 ''hot'':62 ''includ'':60 ''intend'':139 ''join'':8,188,227,266,306,349,390,430,471,510,550,592 ''juic'':78 ''juli'':424 ''june'':343,384 ''keeper'':118 ''knowledg'':100 ''learn'':29,209,248,287,327,370,411,451,492,531,571,613,631 ''link'':73 ''ll'':17,197,236,275,315,358,399,439,480,519,559,601 ''look'':51,624 ''may'':260,300 ''meal'':25,205,244,283,323,366,407,447,488,527,567,609 ''morn'':24,204,243,282,322,365,406,446,487,526,566,608 ''near'':105 ''observ'':27,207,246,285,325,368,409,449,490,529,569,611 ''occur'':104 ''one'':128 ''orang'':77 ''orangutan'':503,537 ''panda'':585,620 ''park'':81 ''per'':160 ''person'':161 ''plus'':90 ''price'':158 ''program'':46,113,630 ''purchas'':168 ''question'':97 ''red'':584,619 ''requir'':169 ''sausag'':72 ''schedul'':176 ''scout'':150 ''septemb'':544,586 ''special'':50 ''staff'':101 ''start'':56 ''sumatran'':422,458 ''talk'':119 ''ticket'':59 ''tiger'':423,459 ''top'':71 ''tortois'':299,335,543,579 ''us'':9,189,228,267,307,350,391,431,472,511,551,593 ''waffl'':66,69 ''wake'':36 ''warthog'':220,254 ''water'':80 ''world'':33,213,252,291,331,374,415,455,496,535,575,617 ''youth'':152 ''zebra'':259,293 ''zoo'':89,131,633', '2026-05-10 16:02:57.457295+00', '2026-05-10 19:05:59.085041+00', 'openai', true),
	('7bb6f6b9-683f-4998-b8ad-d042b78abfb8', 'Celebrate 2026 Father’s Day at the Louisville Zoo', 'Treat dad to a day at the Zoo. In celebration of Father’s Day, all fathers receive free Zoo admission on Sunday, June 21.  Enjoy a day exploring exhibits, seeing animals up close and spending quality time together as a family. From favorite Zoo classics to seasonal animal activity, it’s an easy way to celebrate Dad.  How it works   Free admission is available to all fathers on Father’s Day Tickets are available at the Zoo only Valid for standard daytime admission Zoo hours and regular parking fees apply.', '2026-06-21 14:00:00+00', '2026-06-21 21:00:00+00', 'America/New_York', 'Louisville Zoo', NULL, '4f546c98-7985-4127-b472-c43254eb77c3', 38.2051766, -85.7053359, NULL, NULL, NULL, true, 'https://louisvillezoo.org/event/celebrate-2026-fathers-day-at-the-louisville-zoo/', 'Louisville Zoo Events', 'f0386301-e604-479b-bf96-7d55cb4662d5', '["https://louisvillezoo.org/wp-content/uploads/2026/01/PL_Fathers-Day.png"]', 'published', 0.817, NULL, false, 0, '''2026'':2 ''21'':33 ''activ'':58 ''admiss'':29,71,92 ''anim'':40,57 ''appli'':99 ''avail'':73,83 ''celebr'':1,19,65 ''classic'':54 ''close'':42 ''dad'':11,66 ''day'':5,14,23,36,80 ''daytim'':91 ''easi'':62 ''enjoy'':34 ''exhibit'':38 ''explor'':37 ''famili'':50 ''father'':3,21,25,76,78 ''favorit'':52 ''fee'':98 ''free'':27,70 ''hour'':94 ''june'':32 ''louisvill'':8,100 ''park'':97 ''qualiti'':45 ''receiv'':26 ''regular'':96 ''season'':56 ''see'':39 ''spend'':44 ''standard'':90 ''sunday'':31 ''ticket'':81 ''time'':46 ''togeth'':47 ''treat'':10 ''valid'':88 ''way'':63 ''work'':69 ''zoo'':9,17,28,53,86,93,101', '2026-05-10 16:03:04.671324+00', '2026-05-10 19:05:59.085041+00', 'openai', true);


--
-- Data for Name: user_profiles; Type: TABLE DATA; Schema: public; Owner: postgres
--

INSERT INTO "public"."user_profiles" ("id", "email", "display_name", "avatar_url", "role", "city_preference_id", "child_name", "child_age", "created_at", "updated_at") VALUES
	('11111111-1111-4111-8111-111111111111', 'admin@familyevents.local', 'Local Admin', NULL, 'admin', 'f263aefe-7771-4b93-ae06-9e4fa2c152d6', NULL, NULL, '2026-05-10 15:53:14.310164+00', '2026-05-10 15:53:14.310164+00');


--
-- Data for Name: comments; Type: TABLE DATA; Schema: public; Owner: postgres
--



--
-- Data for Name: source_runs; Type: TABLE DATA; Schema: public; Owner: postgres
--

INSERT INTO "public"."source_runs" ("id", "source_id", "started_at", "completed_at", "status", "events_found", "events_imported", "events_skipped", "error_log", "created_at") VALUES
	('3c15c419-6bf0-414e-88f7-c151e8b7fd9d', 'fa00975f-a848-4485-830f-cb5c4a6fac44', '2026-05-10 16:00:02.040099+00', '2026-05-10 16:00:03.031+00', 'success', 0, 0, 0, NULL, '2026-05-10 16:00:02.040099+00'),
	('78b8cbbd-eaf6-4df7-be6d-17777e56684b', 'f0386301-e604-479b-bf96-7d55cb4662d5', '2026-05-10 16:00:03.145752+00', '2026-05-10 16:03:40.513+00', 'success', 30, 30, 0, NULL, '2026-05-10 16:00:03.145752+00'),
	('301af16e-5891-4464-b74f-abdbc2fa6273', 'fa00975f-a848-4485-830f-cb5c4a6fac44', '2026-05-10 16:19:51.706927+00', '2026-05-10 16:19:52.39+00', 'success', 0, 0, 0, NULL, '2026-05-10 16:19:51.706927+00'),
	('31788353-9cb3-4eec-be39-a3564d4e4510', 'a92f2e75-b80d-4c54-9c10-91d9b5e7085e', '2026-05-10 17:00:00.214981+00', '2026-05-10 17:00:01.053+00', 'success', 0, 0, 0, NULL, '2026-05-10 17:00:00.214981+00'),
	('dc7b440b-702e-4648-b997-08b9e2ecd270', 'a875e72a-40be-4fd5-a0de-1da42e8b4ad7', '2026-05-10 17:00:01.18143+00', '2026-05-10 17:00:01.816+00', 'success', 0, 0, 0, NULL, '2026-05-10 17:00:01.18143+00');


--
-- Data for Name: event_ai_traces; Type: TABLE DATA; Schema: public; Owner: postgres
--

INSERT INTO "public"."event_ai_traces" ("id", "event_id", "source_run_id", "trigger_type", "provider", "model", "status", "input_title", "input_description", "available_tag_slugs", "predicted_tags", "predicted_fields", "reasoning_summary", "fallback_reason", "processing_ms", "created_at") VALUES
	('1d4ca902-3d98-4420-a321-c9b49b9bf56e', 'ab7ebe6b-78de-4574-8909-6e292bac7425', '78b8cbbd-eaf6-4df7-be6d-17777e56684b', 'import', 'openai', 'gpt-4o-mini', 'success', 'Celebrate Mother’s Day at the Louisville Zoo', 'Treat mom to a special day at the Zoo. In celebration of Mother’s Day, all mothers (and expecting mothers!) receive FREE Zoo admission on Sunday, May 10.  Spend the day exploring exhibits, watching animals enjoy the spring weather and making memories together as a family. From beloved animal moms to Zoo-wide experiences, there is something for everyone to enjoy.  How it works   Free admission is available to all mothers on Mother’s Day Tickets are available at the Zoo only Valid for standard daytime admission Zoo hours and regular parking fees apply.   Mother’s Day Specialty Drink  In honor of Mother’s Day Weekend, SSA will offer a special made‑to‑order Mother’s Day Mimosa, available for a limited time throughout the Zoo. This seasonal specialty is part of a new offering designed to give guests something a little different on select high‑traffic days. The Mother’s Day Mimosa will be available at multiple locations across the park for $10.99, while supplies last', '["free", "outdoor", "indoor", "toddler-friendly", "baby-friendly", "teen-friendly", "weekend", "educational", "arts-crafts", "music", "sensory-friendly", "family-festival", "storytime", "stem", "sports", "cooking", "nature", "community", "holiday", "playgroup"]', '[{"slug": "free", "reason": "All mothers receive FREE Zoo admission on Mother’s Day.", "confidence": 1, "matched_keywords": []}, {"slug": "outdoor", "reason": "The event takes place at the Zoo, which is an outdoor venue.", "confidence": 0.9, "matched_keywords": []}, {"slug": "holiday", "reason": "The event celebrates Mother’s Day.", "confidence": 0.9, "matched_keywords": []}, {"slug": "family-festival", "reason": "The event is designed for families to spend time together.", "confidence": 0.8, "matched_keywords": []}, {"slug": "toddler-friendly", "reason": "The event is suitable for families with children of all ages.", "confidence": 0.7, "matched_keywords": []}, {"slug": "teen-friendly", "reason": "The event offers activities that can engage teenagers.", "confidence": 0.7, "matched_keywords": []}]', '{"price": null, "age_max": null, "age_min": null, "is_free": true, "venue_name": "Louisville Zoo"}', 'The event is classified as free due to complimentary admission for mothers, and it is family-oriented, taking place outdoors at the zoo to celebrate Mother''s Day.', NULL, 6413, '2026-05-10 16:00:12.134792+00'),
	('c8cac7fc-ec71-427b-a996-2aca892a3096', 'e8bffc6d-36b4-438c-a6cd-a2f7d0723e54', '78b8cbbd-eaf6-4df7-be6d-17777e56684b', 'import', 'openai', 'gpt-4o-mini', 'success', 'Zoo Explorers 2026: What are Animals Eating', 'Buy Now! What are Animals Eating? Explore the Zoo to see what the animals are munching on, if their breakfast is as tasty as ours, and where their leftovers go!  Zoo Explorers Calling all little explorers – get ready for some big adventures with the Zoo!   Ever wonder where the Zoo animal food comes from? Curious about when our animals see the “doctor”? In this exciting drop off program for kids 4-6 years old, we’ll visit zoo animal areas, exhibits and more to explore something new about the Zoo each week!  Each Zoo Explorers program is 2 hours and will include zoo walks, hands on activities and guided experiences around the Zoo.  Prices Members: $45 Non-members: $50  Buy Now!         ZOO EXPLORERS 2026 SCHEDULE        Zoo Explorers 2026: Animal Training March 30, 2026 @ 10:00 am  Explore the Zoo and learn how animal staff train our animals, then practice being a keeper and an animal!      Zoo Explorers 2026: What are Animals Eating? April 6, 2026 @ 10:00 am  Explore the Zoo to see what the animals are munching on, if their breakfast is as tasty as ours, and where their leftovers go!       @      Zoo Explorers 2026: Animal Training May 4, 2026 @ 10:00 am  Explore the Zoo to see what the animals are munching on, if their breakfast is as tasty as ours, and where their leftovers go!     Zoo Explorers 2026: What are Animals Eating May 11, 2026 @ 10:00 am  Explore the Zoo to see what the animals are munching on, if their breakfast is as tasty as ours, and where their leftovers go!    ', '["free", "outdoor", "indoor", "toddler-friendly", "baby-friendly", "teen-friendly", "weekend", "educational", "arts-crafts", "music", "sensory-friendly", "family-festival", "storytime", "stem", "sports", "cooking", "nature", "community", "holiday", "playgroup"]', '[{"slug": "toddler-friendly", "reason": "The event is specifically designed for kids aged 4-6 years old.", "confidence": 0.95, "matched_keywords": []}, {"slug": "educational", "reason": "The program includes hands-on activities and guided experiences to learn about animals.", "confidence": 0.9, "matched_keywords": []}, {"slug": "nature", "reason": "The program focuses on animals and their natural behaviors.", "confidence": 0.8, "matched_keywords": []}, {"slug": "outdoor", "reason": "The event takes place at the zoo, which is an outdoor venue.", "confidence": 0.7, "matched_keywords": []}, {"slug": "family-festival", "reason": "The event encourages family participation and exploration.", "confidence": 0.6, "matched_keywords": []}, {"slug": "weekend", "reason": "The event is scheduled on weekends.", "confidence": 0.5, "matched_keywords": []}]', '{"price": 50, "age_max": 6, "age_min": 4, "is_free": false, "venue_name": "Zoo"}', 'The event is an educational program for young children at the zoo, focusing on animal diets and behaviors, with a price point indicating it is not free.', NULL, 8421, '2026-05-10 16:00:21.136313+00'),
	('be911967-f047-4a44-b3bc-24ffb8a7fad5', '696d8438-686d-42fc-99e8-3cb37e40d2f0', '78b8cbbd-eaf6-4df7-be6d-17777e56684b', 'import', 'openai', 'gpt-4o-mini', 'success', 'Early Childhood Pop-Up:  Animal Tales - Tiger Taiga', 'Animal Tales Join us at select animal exhibits to hear a story and test your animal imitation skills with a movement activity!  Guests can join us at selected animal exhibits for a story time throughout the spring. We’ll read 1 or 2 books and practice our animal imitation skills with a movement challenge related to the animal we’re featuring each week. See below for the dates, times, featured animals, and book selections.  HerpAquarium Books  Tiger Tiger written and illustrated by Jonny Lambert Mr. Brown’s Bad Day written by Lou Peacock and illustrated by Alison Friend  Price FREE with Louisville Zoo membership or admission  About Early Childhood Pop-ups The fun will be popping up this spring and summer at the Zoo!  Perfect for young learners, these new pop-up programs invite families and their children to play, observe and learn in new ways all while visiting the Zoo! Use your imagination during free play in the Cub House, gather around for a story reading, think like a zookeeper with animal activity stations or go on a Litter Critter quest. Pop up programs are FREE with membership or admission to the Zoo. For a full list of details and available sessions, visit our website.         EARLY CHILDHOOD POP-UPS 2026 SCHEDULE        Animal Tales Classes from 10:30 a.m. – 11:30 a.m.    April 19: HerpAquarium April 28: Giraffe Exhibit May 5: Islands / Little Penguin Exhibit May 12: Tiger Taiga May 19: Red Panda Exhibit  Little Critters Classes held in the MetaZoo from 3 p.m. – 5 p.m.   April 15, April 22, April 29 May 6, May 13, May 20, May 27  Playtime in the Cub House Classes held  from 10:00 a.m. – 11:30 a.m. in the Snow Leopard Cub House presented by PNC.   March 28 April 4,  April 25  (April 11 Cancelled) May 2  Young Zoologist Classes held from 11 a.m. – 1 p.m. in the Islands Zone   April 2, April 9, April 16, April 23, April 30 May 7, May 14, May 21, May 28', '["free", "outdoor", "indoor", "toddler-friendly", "baby-friendly", "teen-friendly", "weekend", "educational", "arts-crafts", "music", "sensory-friendly", "family-festival", "storytime", "stem", "sports", "cooking", "nature", "community", "holiday", "playgroup"]', '[{"slug": "free", "reason": "The event is free with Louisville Zoo membership or admission.", "confidence": 1, "matched_keywords": []}, {"slug": "toddler-friendly", "reason": "The event is designed for young learners and families.", "confidence": 0.9, "matched_keywords": []}, {"slug": "storytime", "reason": "The event includes story readings at animal exhibits.", "confidence": 0.8, "matched_keywords": []}, {"slug": "educational", "reason": "The program invites children to learn about animals through stories and activities.", "confidence": 0.8, "matched_keywords": []}, {"slug": "family-festival", "reason": "The event is a family-oriented program at the zoo.", "confidence": 0.7, "matched_keywords": []}, {"slug": "nature", "reason": "The event takes place in a zoo setting, focusing on animals.", "confidence": 0.6, "matched_keywords": []}]', '{"price": null, "age_max": 5, "age_min": 0, "is_free": true, "venue_name": "Louisville Zoo"}', 'The event is a free educational program for young children featuring storytime and animal activities at the Louisville Zoo, making it suitable for toddlers and families.', NULL, 5499, '2026-05-10 16:00:27.639698+00'),
	('b5e96630-bce1-4098-8252-7fc58cc81e27', '70047b7e-f06b-46ee-b632-2f25e3a2ea6e', '78b8cbbd-eaf6-4df7-be6d-17777e56684b', 'import', 'openai', 'gpt-4o-mini', 'success', 'Early Childhood Pop-Up:  Litter Critters', 'Litter Critters Plastic is everywhere! Join us at our Litter Critter stations to learn how plastic waste effects animals and humans here in Kentucky and around the world. We’ll play games focused on recycling to earn a special sticker! These stations will be in the MetaZoo or the HerpAquarium on Wednesday afternoons in the spring.  Price FREE with Louisville Zoo membership or admission  About Early Childhood Pop-ups The fun will be popping up this spring and summer at the Zoo!  Perfect for young learners, these new pop-up programs invite families and their children to play, observe and learn in new ways all while visiting the Zoo! Use your imagination during free play in the Cub House, gather around for a story reading, think like a zookeeper with animal activity stations or go on a Litter Critter quest. Pop up programs are FREE with membership or admission to the Zoo. For a full list of details and available sessions, visit our website.         EARLY CHILDHOOD POP-UPS 2026 SCHEDULE        Animal Tales Classes from 10:30 a.m. – 11:30 a.m.    April 19: HerpAquarium April 28: Giraffe Exhibit May 5: Islands / Little Penguin Exhibit May 12: Tiger Taiga May 19: Red Panda Exhibit  Little Critters Classes held in the MetaZoo from 3 p.m. – 5 p.m.   April 15, April 22, April 29 May 6, May 13, May 20, May 27  Playtime in the Cub House Classes held  from 10:00 a.m. – 11:30 a.m. in the Snow Leopard Cub House presented by PNC.   March 28 April 4,  April 25  (April 11 Cancelled) May 2  Young Zoologist Classes held from 11 a.m. – 1 p.m. in the Islands Zone   April 2, April 9, April 16, April 23, April 30 May 7, May 14, May 21, May 28', '["free", "outdoor", "indoor", "toddler-friendly", "baby-friendly", "teen-friendly", "weekend", "educational", "arts-crafts", "music", "sensory-friendly", "family-festival", "storytime", "stem", "sports", "cooking", "nature", "community", "holiday", "playgroup"]', '[{"slug": "free", "reason": "The event is free with Louisville Zoo membership or admission.", "confidence": 1, "matched_keywords": []}, {"slug": "toddler-friendly", "reason": "The program is designed for young learners.", "confidence": 0.9, "matched_keywords": []}, {"slug": "educational", "reason": "Participants will learn about plastic waste and its effects.", "confidence": 0.8, "matched_keywords": []}, {"slug": "family-festival", "reason": "The event invites families to play, observe, and learn together.", "confidence": 0.7, "matched_keywords": []}, {"slug": "nature", "reason": "The event focuses on environmental education regarding plastic waste.", "confidence": 0.6, "matched_keywords": []}, {"slug": "storytime", "reason": "Includes story readings as part of the activities.", "confidence": 0.5, "matched_keywords": []}]', '{"price": null, "age_max": 5, "age_min": 0, "is_free": true, "venue_name": "Louisville Zoo"}', 'The event is a free educational program for young children at the Louisville Zoo, focusing on environmental awareness and includes various interactive activities.', NULL, 5794, '2026-05-10 16:00:33.721321+00'),
	('5813b222-4125-4ad2-925c-512052c35082', '501d921d-41e0-49bd-a96c-8c2d6e9976f5', '78b8cbbd-eaf6-4df7-be6d-17777e56684b', 'import', 'openai', 'gpt-4o-mini', 'success', 'Wild Workout: Yoga (Flamingos) - SOLD OUT', 'BUY NOW! Gate opens at 6 p.m. |  Class begins at 6:30 p.m.  Join the flamboyance during this low-impact, muscle strengthening workout. Focus on controlled movements as flamingos showcase the art of poise and balance nearby.    Join us for yoga in the wild! We’re partnering with Flex Appeal to continue special Wild Workouts at your Zoo this year. We will be offering five unique outdoor yoga classes after the Zoo closes, so you can stretch in some of your favorite exhibit spaces.  For beginners and seasoned practitioners alike, these yoga classes are designed to help you increase flexibility, strengthen muscles, and improve overall health and recovery. Closed-toed shoes are strongly encouraged. Guests are also encouraged to bring a refillable water bottle that can be used at the bottle refill stations around the Zoo.  Classes are $25 each, plus a processing fee, and are available online only. All fitness levels and abilities are welcome. Tickets must be purchased online prior to the workout in order to attend.  The front gate opens at 6:00 p.m. Classes begin at 6:30 p.m.  Yoga classes on sale now! Pilates and Barre coming soon.  Prices $25 per person plus processing fee  Classes sold out in 2025 — Reserve your spot early!         FITNESS EVENTS        Throo the Zoo 5K Run/Walk 2026 May 9, 2026 @ 8:00 am  Race on over for the WILDEST 5K in Louisville! This unique course doesn’t just go around the Zoo but takes you on a safari directly “throo” the Zoo! Participants receive a t-shirt, finishers medal, post-race refreshments, PLUS a ticket to visit the Zoo at a much slower pace!       Wild Workout: Yoga (Flamingos) – SOLD OUT May 13, 2026 @ 6:00 pm  Join the flamboyance during this low-impact, muscle strengthening workout. Focus on controlled movements as flamingos showcase the art of poise and balance nearby.     Wild Workout: Pilates (Red Panda) – SOLD OUT June 3, 2026 @ 6:00 pm  Admire and imitate the graceful balance of our red pandas as you stretch and unwind in front of this forested exhibit space.     Wild Workout: Yoga (Glacier Run) June 22, 2026 @ 6:00 pm  Join us in the arctic-inspired town of Glacier Run where you may see a grizzly or polar bear wandering about. It doesn’t matter if you can BEARly touch your toes, this workout is perfect for all fitness levels.      Wild Workout: Pilates (Giraffe) July 7, 2026 @ 6:00 pm  Find inspiration in nature as you stretch and strike a pose with our giraffe herd looking on.     Wild Workout: Yoga (Butterfly) July 22, 2026 @ 6:00 pm  Stretch your wings alongside our butterflies during this peaceful yoga session. Flitter inside our butterfly habitat post-workout to enjoy your animal inspiration up-close.      Wild Workout: Yoga (Colobus) August 1, 2026 @ 6:00 pm  Swing by and enjoy this one-of-a-kind workout after the Zoo closes. Increase your flexibility as you enjoy the sights and sounds of our colobus monkey family peering at you from their lush habitat.      Wild Workout: Pilates (Little Penguin) August 19, 2026 @ 6:00 pm  Enjoy a low-impact, muscle strengthening workout as our playful little penguins look on.      Wild Workout: Yoga (Giraffe) September 1, 2026 @ 6:00 pm  Find inspiration in nature as you stretch and strike a pose with our giraffe herd looking on. These gentle giants will soothe your mind and help you find inner peace after a long day     Wild Workout: Pilates (Pinniped) September 9, 2026 @ 6:00 pm  Find your flow at this low-impact, muscle strengthening workout as you watch our playful pinnipeds (seals and sea lions).     Throo the Boo 2026 November 7, 2026 @ 6:00 pm  Dash over and join us for the SWEETEST Fun Run in Louisville! This unique course doesn’t just go around the Zoo but takes you directly “throo” the Zoo along our popular Boo at the Zoo route.', '["free", "outdoor", "indoor", "toddler-friendly", "baby-friendly", "teen-friendly", "weekend", "educational", "arts-crafts", "music", "sensory-friendly", "family-festival", "storytime", "stem", "sports", "cooking", "nature", "community", "holiday", "playgroup"]', '[{"slug": "outdoor", "reason": "The event is described as outdoor yoga classes at the Zoo.", "confidence": 0.9, "matched_keywords": []}, {"slug": "teen-friendly", "reason": "The yoga classes are designed for all fitness levels, including teens.", "confidence": 0.8, "matched_keywords": []}, {"slug": "nature", "reason": "Participants practice yoga near flamingos and other wildlife.", "confidence": 0.8, "matched_keywords": []}, {"slug": "family-festival", "reason": "The event is suitable for families as it encourages participation from all ages.", "confidence": 0.7, "matched_keywords": []}, {"slug": "community", "reason": "The event promotes community engagement through group fitness activities.", "confidence": 0.7, "matched_keywords": []}, {"slug": "sports", "reason": "Yoga is a physical activity that falls under the category of sports.", "confidence": 0.6, "matched_keywords": []}]', '{"price": 25, "age_max": null, "age_min": null, "is_free": false, "venue_name": "Zoo"}', 'The event is an outdoor yoga class at the Zoo, suitable for families and teens, promoting fitness and community engagement.', NULL, 8039, '2026-05-10 16:00:41.992026+00'),
	('f0b10cca-bd5c-4d09-b3f8-34f7df839bb3', 'd4dfc22f-4f7f-4e8f-8895-f8f384a338c7', '78b8cbbd-eaf6-4df7-be6d-17777e56684b', 'import', 'openai', 'gpt-4o-mini', 'success', 'Early Childhood Pop-Up:  Young Zoologist', 'Young Zoologist Practice your observation skills and learn what it takes to be a zoologist. Find our young zoologist stations in the Islands Zone on Thursdays between 11 a.m. and 1 p.m. to help us track the behavior of some islands mammals. We’ll work on our observation skills by marking where animals are in the exhibits and what they’re doing. Guests will also be able to test their knowledge by identifying different types of animal scat or tracks.  Price FREE with Louisville Zoo membership or admission  About Early Childhood Pop-ups The fun will be popping up this spring and summer at the Zoo!  Perfect for young learners, these new pop-up programs invite families and their children to play, observe and learn in new ways all while visiting the Zoo! Use your imagination during free play in the Cub House, gather around for a story reading, think like a zookeeper with animal activity stations or go on a Litter Critter quest. Pop up programs are FREE with membership or admission to the Zoo. For a full list of details and available sessions, visit our website.         EARLY CHILDHOOD POP-UPS 2026 SCHEDULE        Animal Tales Classes from 10:30 a.m. – 11:30 a.m.    April 19: HerpAquarium April 28: Giraffe Exhibit May 5: Islands / Little Penguin Exhibit May 12: Tiger Taiga May 19: Red Panda Exhibit  Little Critters Classes held in the MetaZoo from 3 p.m. – 5 p.m.   April 15, April 22, April 29 May 6, May 13, May 20, May 27  Playtime in the Cub House Classes held  from 10:00 a.m. – 11:30 a.m. in the Snow Leopard Cub House presented by PNC.   March 28 April 4,  April 25  (April 11 Cancelled) May 2  Young Zoologist Classes held from 11 a.m. – 1 p.m. in the Islands Zone   April 2, April 9, April 16, April 23, April 30 May 7, May 14, May 21, May 28', '["free", "outdoor", "indoor", "toddler-friendly", "baby-friendly", "teen-friendly", "weekend", "educational", "arts-crafts", "music", "sensory-friendly", "family-festival", "storytime", "stem", "sports", "cooking", "nature", "community", "holiday", "playgroup"]', '[{"slug": "free", "reason": "The event is free with Louisville Zoo membership or admission.", "confidence": 1, "matched_keywords": []}, {"slug": "toddler-friendly", "reason": "The program is designed for young learners.", "confidence": 0.9, "matched_keywords": []}, {"slug": "educational", "reason": "Participants learn observation skills and about zoology.", "confidence": 0.8, "matched_keywords": []}, {"slug": "family-festival", "reason": "The event invites families to play, observe, and learn together.", "confidence": 0.7, "matched_keywords": []}, {"slug": "nature", "reason": "The event involves tracking animal behavior and learning about wildlife.", "confidence": 0.6, "matched_keywords": []}, {"slug": "storytime", "reason": "Includes story reading as part of the activities.", "confidence": 0.5, "matched_keywords": []}]', '{"price": null, "age_max": 6, "age_min": 2, "is_free": true, "venue_name": "Louisville Zoo"}', 'The event is classified as free and educational for young children, focusing on zoology and nature, making it suitable for families.', NULL, 14063, '2026-05-10 16:00:57.091125+00'),
	('9925a6fe-d2dd-46bc-90bc-40faeaa9fc96', '91e23233-3c1b-421d-97a1-106bb9b32dd4', '78b8cbbd-eaf6-4df7-be6d-17777e56684b', 'import', 'openai', 'gpt-4o-mini', 'success', 'Wildlife Photography (Spring 2026) - SOLD OUT', 'Tickets on Sale!  buy now  Saturday, May 16 from 9 – 11 a.m. $60 non-member/ $40 members  — price includes all-day admission to the Zoo!  Calling all budding photographers!    Interested in getting your start in wildlife photography? The Louisville Zoo and Murphy’s Camera are here to help!  Murphy’s Camera’s Education Coordinator Ayrica Bishop will introduce you to camera basics, the exposure triangle, composition, and how to make the most of available light. A Zoo staffer will share tips on animal behaviors to watch for and the best moments to gather dynamic action shots throughout the Zoo.  Designed for teens and adults with little to no wildlife photography experience, this hands-on session goes beyond the classroom and into the Zoo. In May, participants will begin in the MetaZoo with the smaller animals to practice techniques like photographing through glass, then head into the Africa Zone to photograph giraffes (with no visual barriers) colobus monkeys (to practice photographing through mesh) and gorillas (to practice photographing through glass). Following this itinerary, participants are free to roam the Zoo on their own to snap those special moments.  Stay tuned here for what is planned for September.  buy now   ', '["free", "outdoor", "indoor", "toddler-friendly", "baby-friendly", "teen-friendly", "weekend", "educational", "arts-crafts", "music", "sensory-friendly", "family-festival", "storytime", "stem", "sports", "cooking", "nature", "community", "holiday", "playgroup"]', '[{"slug": "teen-friendly", "reason": "Designed for teens and adults with little to no wildlife photography experience.", "confidence": 0.9, "matched_keywords": []}, {"slug": "educational", "reason": "Participants will learn camera basics, exposure triangle, and composition.", "confidence": 0.9, "matched_keywords": []}, {"slug": "nature", "reason": "The event takes place at the Zoo, focusing on wildlife photography.", "confidence": 0.8, "matched_keywords": []}, {"slug": "outdoor", "reason": "Participants will be photographing animals in an outdoor zoo environment.", "confidence": 0.8, "matched_keywords": []}, {"slug": "weekend", "reason": "Scheduled for Saturday, May 16.", "confidence": 0.7, "matched_keywords": []}, {"slug": "community", "reason": "The event encourages community engagement through photography.", "confidence": 0.6, "matched_keywords": []}]', '{"price": 60, "age_max": null, "age_min": 13, "is_free": false, "venue_name": "Louisville Zoo"}', 'The event is a wildlife photography workshop aimed at teens and adults, held at the Louisville Zoo, with a price of $60 for non-members.', NULL, 6711, '2026-05-10 16:01:04.512673+00'),
	('581e7ce8-74d3-4263-a91c-d6b5d0dcd37f', '73fd2c8a-84e9-466f-b60d-de5c5c1350a5', '78b8cbbd-eaf6-4df7-be6d-17777e56684b', 'import', 'openai', 'gpt-4o-mini', 'success', 'Storybook Character Day (2026)', 'Saturday, May 16 10 a.m. to 2 p.m. Free with Zoo admission or membership  We’re fully booked with friends like Curious George, Clifford, Pete the Cat and more! Join us as your favorite characters hop straight off the page and right to your Zoo! Character meet and greets are FREE with Zoo admission or your Louisville Zoo Membership.  Characters will rotate every 30 minutes at spots throughout the Zoo. Check signs on the day of your visit for specific character locations.  Characters appearing   Curious George Pete the Cat Clifford the Big Red Dog Paddington Bear Llama Llama Mouse (If You Give a Mouse a Cookie)    Character meet and greets are FREE with Zoo admission or your Louisville Zoo Membership.  About Meet Me at the Zoo Imagination comes to life as kids (and kids-at-heart) meet some of their favorite characters from books, movies and more throughout the Zoo during this fun event series. Character meet and greets are FREE with Zoo admission or your Louisville Zoo Membership.  You’ll have multiple opportunities throughout the year to meet some of your favorite characters.  presented by          Meet Me at the Zoo        March 28 & 29 Bunny Hop Hop over for an EGGstra fun time as you meet the Easter Bunny, hunt for eggs and more.May 16 Storybook Character Day Your favorite characters hop straight off the page and into your Zoo. Meet Curious George, Pete the Cat and more!  June 6 Super Summer Saturday Fly, jump or warp your way over to the Zoo to visit with some of your favorite superheroes, here to kick off the summer season.  July 18 Summer Santa It’s a jolly summer holiday as Santa and Mrs. Claus stop at your Zoo while on vacation  August 8 Royal Rendezvous Join some of your favorite princesses as they close out the summer season with a special soiree at the Zoo.', '["free", "outdoor", "indoor", "toddler-friendly", "baby-friendly", "teen-friendly", "weekend", "educational", "arts-crafts", "music", "sensory-friendly", "family-festival", "storytime", "stem", "sports", "cooking", "nature", "community", "holiday", "playgroup"]', '[{"slug": "free", "reason": "Character meet and greets are FREE with Zoo admission or your Louisville Zoo Membership.", "confidence": 1, "matched_keywords": []}, {"slug": "weekend", "reason": "The event takes place on a Saturday.", "confidence": 1, "matched_keywords": []}, {"slug": "toddler-friendly", "reason": "Imagination comes to life as kids (and kids-at-heart) meet some of their favorite characters.", "confidence": 0.9, "matched_keywords": []}, {"slug": "family-festival", "reason": "Join us as your favorite characters hop straight off the page and right to your Zoo!", "confidence": 0.8, "matched_keywords": []}, {"slug": "storytime", "reason": "Characters from books and stories will be present for meet and greets.", "confidence": 0.7, "matched_keywords": []}, {"slug": "outdoor", "reason": "The event is held at the Zoo, which is an outdoor venue.", "confidence": 0.6, "matched_keywords": []}]', '{"price": null, "age_max": null, "age_min": null, "is_free": true, "venue_name": "Louisville Zoo"}', 'The event is free with Zoo admission, features beloved children''s characters, and is suitable for families and toddlers, taking place on a weekend at an outdoor venue.', NULL, 6451, '2026-05-10 16:01:11.761033+00'),
	('d767103e-c708-4d51-9765-0b4baabe4886', '4a533146-971e-4f7d-ab92-ad05f8df2a32', '78b8cbbd-eaf6-4df7-be6d-17777e56684b', 'import', 'openai', 'gpt-4o-mini', 'success', 'Single Day Camp - May 19, 2026 "Jaws and Claws" - SOLD OUT', 'Program designed for ages Kindergarten through 2nd Grade Dive into the world of powerful adaptations. Campers will examine how animals use their jaws and claws in sometimes unexpected ways, from tigers gently carrying cubs to armadillos digging with precision.  Prices Members: $70 Non-Members: $75  REGISTER ONLINE', '["free", "outdoor", "indoor", "toddler-friendly", "baby-friendly", "teen-friendly", "weekend", "educational", "arts-crafts", "music", "sensory-friendly", "family-festival", "storytime", "stem", "sports", "cooking", "nature", "community", "holiday", "playgroup"]', '[{"slug": "educational", "reason": "The camp is designed to teach children about animal adaptations.", "confidence": 0.9, "matched_keywords": []}, {"slug": "nature", "reason": "The program involves examining animals and their adaptations.", "confidence": 0.8, "matched_keywords": []}, {"slug": "toddler-friendly", "reason": "The program is designed for ages Kindergarten through 2nd Grade.", "confidence": 0.7, "matched_keywords": []}, {"slug": "family-festival", "reason": "The event is suitable for families with young children.", "confidence": 0.6, "matched_keywords": []}, {"slug": "weekend", "reason": "The event takes place on a single day, likely a weekend.", "confidence": 0.5, "matched_keywords": []}, {"slug": "arts-crafts", "reason": "Activities may include hands-on learning about animals.", "confidence": 0.4, "matched_keywords": []}]', '{"price": 75, "age_max": 8, "age_min": 5, "is_free": false, "venue_name": null}', 'The event is a camp for children in Kindergarten through 2nd Grade, focusing on educational content about animal adaptations. It has a fee for participation, indicating it is not free.', NULL, 10362, '2026-05-10 16:01:22.369097+00'),
	('267377b8-802e-4681-a230-9d8682d2e3fd', 'a4653427-602d-4ea8-a538-3e2b716fc83a', '78b8cbbd-eaf6-4df7-be6d-17777e56684b', 'import', 'openai', 'gpt-4o-mini', 'success', 'Early Childhood Pop-Up:  Animal Tales - Red Panda Exhibit', 'Animal Tales Join us at select animal exhibits to hear a story and test your animal imitation skills with a movement activity!  Guests can join us at selected animal exhibits for a story time throughout the spring. We’ll read 1 or 2 books and practice our animal imitation skills with a movement challenge related to the animal we’re featuring each week. See below for the dates, times, featured animals, and book selections.  HerpAquarium Books  All The Love in The World written by Rose Bunting and illustrated by Olivia Chin Mueller How This Book Got Red written by Margaret Chiu Greanias and illustrated by Melissa Iwai  Price FREE with Louisville Zoo membership or admission  About Early Childhood Pop-ups The fun will be popping up this spring and summer at the Zoo!  Perfect for young learners, these new pop-up programs invite families and their children to play, observe and learn in new ways all while visiting the Zoo! Use your imagination during free play in the Cub House, gather around for a story reading, think like a zookeeper with animal activity stations or go on a Litter Critter quest. Pop up programs are FREE with membership or admission to the Zoo. For a full list of details and available sessions, visit our website.         EARLY CHILDHOOD POP-UPS 2026 SCHEDULE        Animal Tales Classes from 10:30 a.m. – 11:30 a.m.    April 19: HerpAquarium April 28: Giraffe Exhibit May 5: Islands / Little Penguin Exhibit May 12: Tiger Taiga May 19: Red Panda Exhibit  Little Critters Classes held in the MetaZoo from 3 p.m. – 5 p.m.   April 15, April 22, April 29 May 6, May 13, May 20, May 27  Playtime in the Cub House Classes held  from 10:00 a.m. – 11:30 a.m. in the Snow Leopard Cub House presented by PNC.   March 28 April 4,  April 25  (April 11 Cancelled) May 2  Young Zoologist Classes held from 11 a.m. – 1 p.m. in the Islands Zone   April 2, April 9, April 16, April 23, April 30 May 7, May 14, May 21, May 28', '["free", "outdoor", "indoor", "toddler-friendly", "baby-friendly", "teen-friendly", "weekend", "educational", "arts-crafts", "music", "sensory-friendly", "family-festival", "storytime", "stem", "sports", "cooking", "nature", "community", "holiday", "playgroup"]', '[{"slug": "free", "reason": "The event is free with Louisville Zoo membership or admission.", "confidence": 1, "matched_keywords": []}, {"slug": "toddler-friendly", "reason": "The program is designed for young learners and families.", "confidence": 0.9, "matched_keywords": []}, {"slug": "storytime", "reason": "The event includes story readings related to featured animals.", "confidence": 0.9, "matched_keywords": []}, {"slug": "educational", "reason": "The program invites children to learn about animals through stories and activities.", "confidence": 0.8, "matched_keywords": []}, {"slug": "family-festival", "reason": "The event is aimed at families and encourages participation in various activities.", "confidence": 0.7, "matched_keywords": []}, {"slug": "nature", "reason": "The event takes place in a zoo setting, focusing on animal exhibits.", "confidence": 0.6, "matched_keywords": []}]', '{"price": null, "age_max": 5, "age_min": 0, "is_free": true, "venue_name": "Louisville Zoo"}', 'The event is a free educational program for young children at the Louisville Zoo, featuring storytime and animal-related activities.', NULL, 5337, '2026-05-10 16:01:27.918903+00'),
	('7a4fad5d-d2b7-4271-90fd-6e1d43abfa9d', '6a07142c-01e3-47f8-908c-e98f68b33eec', '78b8cbbd-eaf6-4df7-be6d-17777e56684b', 'import', 'openai', 'gpt-4o-mini', 'success', 'Early Childhood Pop-Up:  Litter Critters', 'Litter Critters Plastic is everywhere! Join us at our Litter Critter stations to learn how plastic waste effects animals and humans here in Kentucky and around the world. We’ll play games focused on recycling to earn a special sticker! These stations will be in the MetaZoo or the HerpAquarium on Wednesday afternoons in the spring.  Price FREE with Louisville Zoo membership or admission  About Early Childhood Pop-ups The fun will be popping up this spring and summer at the Zoo!  Perfect for young learners, these new pop-up programs invite families and their children to play, observe and learn in new ways all while visiting the Zoo! Use your imagination during free play in the Cub House, gather around for a story reading, think like a zookeeper with animal activity stations or go on a Litter Critter quest. Pop up programs are FREE with membership or admission to the Zoo. For a full list of details and available sessions, visit our website.         EARLY CHILDHOOD POP-UPS 2026 SCHEDULE        Animal Tales Classes from 10:30 a.m. – 11:30 a.m.    April 19: HerpAquarium April 28: Giraffe Exhibit May 5: Islands / Little Penguin Exhibit May 12: Tiger Taiga May 19: Red Panda Exhibit  Little Critters Classes held in the MetaZoo from 3 p.m. – 5 p.m.   April 15, April 22, April 29 May 6, May 13, May 20, May 27  Playtime in the Cub House Classes held  from 10:00 a.m. – 11:30 a.m. in the Snow Leopard Cub House presented by PNC.   March 28 April 4,  April 25  (April 11 Cancelled) May 2  Young Zoologist Classes held from 11 a.m. – 1 p.m. in the Islands Zone   April 2, April 9, April 16, April 23, April 30 May 7, May 14, May 21, May 28', '["free", "outdoor", "indoor", "toddler-friendly", "baby-friendly", "teen-friendly", "weekend", "educational", "arts-crafts", "music", "sensory-friendly", "family-festival", "storytime", "stem", "sports", "cooking", "nature", "community", "holiday", "playgroup"]', '[{"slug": "free", "reason": "Price FREE with Louisville Zoo membership or admission", "confidence": 1, "matched_keywords": []}, {"slug": "toddler-friendly", "reason": "Perfect for young learners", "confidence": 0.9, "matched_keywords": []}, {"slug": "educational", "reason": "Learn how plastic waste affects animals and humans", "confidence": 0.8, "matched_keywords": []}, {"slug": "family-festival", "reason": "Invites families and their children to play, observe and learn", "confidence": 0.7, "matched_keywords": []}, {"slug": "nature", "reason": "Focus on recycling and its impact on the environment", "confidence": 0.6, "matched_keywords": []}, {"slug": "storytime", "reason": "Gather around for a story reading", "confidence": 0.5, "matched_keywords": []}]', '{"price": null, "age_max": 5, "age_min": 0, "is_free": true, "venue_name": "Louisville Zoo"}', 'The event is designed for young children and families, focusing on educational activities related to recycling and nature, and is free with zoo admission.', NULL, 5220, '2026-05-10 16:01:33.430414+00'),
	('2f3995fa-6701-4fa2-8dd5-48a3437d0160', 'f8ee646f-41ed-4b50-948f-48ecbcfb883e', '78b8cbbd-eaf6-4df7-be6d-17777e56684b', 'import', 'openai', 'gpt-4o-mini', 'success', 'Hump Day Happy Hour - Social Lights', 'buy now!  Doors open at 6:30 p.m.   Social Lights Let the good times GLOW!   Relax with a cool beverage and delicious appetizers while enjoying exclusive keeper talks and animal interactions in our Giraffe/Rhino area. As the sun sets, stay for our popular Wild Lights lantern festival.  Wild Lights entry is included with your Social Lights ticket. Guests will enjoy the happy hour experience first, then the full Wild Lights route will open at 8:00 p.m. You’ll have until 11:30 p.m. to explore the Zoo and take in the lanterns.  Tickets include event entry, tasty appetizers, and two drink tickets redeemable for beer, wine, or a specialty cocktail. Additional beverages will be available for purchase.        This event is for guests ages 21 and older. No children will be admitted. Outside alcohol will not be permitted.  There are no refunds, rainchecks or discounts for this special experience.  Ticket Prices  $50 per person  buy now!         21+ EVENTS        Trivia Night – Zooper Heroes March 18, 2026 @ 6:30 pm  Join us for this green-themed trivia night and test your luck for a chance to win a pot of gold. (Actual prizes do not include real gold coins.)      Trivia Night – April Fools April 15, 2026 @ 6:30 pm  Expect the unexpected! See what zany tricks we have up our sleeves at this punny and wacky night of trivia fun.     Monarchs and Mimosas – Spring 2026 (SOLD OUT) April 18, 2026 @ 8:30 am  Start your day with a refreshing cocktail as you learn how to create your own pollinator garden from our experts.     Trivia Night – Revenge of the Sixth May 6, 2026 @ 6:30 pm  May the facts be with you as you take on this galactic challenge. You could play Star Wars trivia Solo, but we recommend building a team of jedi masters. Seats may fill up in less than 12 parsecs, so do (or do not) reserve your seat early.     Hump Day Happy Hour – Social Lights May 20, 2026 @ 6:30 pm  Let the good times GLOW! Relax with a cool beverage and delicious appetizers while enjoying exclusive keeper talks and animal interactions in our Giraffe/Rhino area.     Zoofari 2026 June 12, 2026 @ 6:00 pm  Join us in celebrating the 45th annual Zoofari gala hosted by Friends of the Louisville Zoo on Friday, June 12, 2026.      Trivia Night – Wild World of Disney June 17, 2026 @ 6:30 pm  Put on your thinking cap (or favorite pair of Mickey ears) for this wild night of trivia. You’ll have to do more than wish upon a star to take the top prize.      Trivia Night – Spicy Summer Reads July 15, 2026 @ 6:30 pm  Summer is heating up! Sparks will fly at this wild night of trivia based on book boyfriends from fan-favorite novels across all genres of romance.      Trivia Night – Mystery Flavor August 12, 2026 @ 6:30 pm  You can guess, but we won’t tell you! Join us for a wild night of trivia with a super-secret theme. Don’t worry—we promise it’s a good one.     Hump Day Happy Hour – Islands Getaway August 26, 2026 @ 6:30 pm  Set you clock to Islands time! Relax with a cool beverage and delicious appetizers while enjoying exclusive keeper talks and animal interactions throughout our popular Islands exhibit area.     Trivia Night – Wild World of Disney September 2, 2026 @ 6:30 pm  Put on your thinking cap (or favorite pair of Mickey ears) for this wild night of trivia. You’ll have to do more than wish upon a star to take the top prize.      Trivia Night – Cozy Caper November 18, 2026 @ 6:30 pm  Only the greatest detectives will be able to solve the mystery. Answer trivia questions and put together clues to figure out ZOOdunnit.     Trivia Night – Jungle Bells December 16, 2026 @ 6:30 pm  Don your ugliest holiday sweater and test your knowledge for this wildly festive reindeer game.          ', '["free", "outdoor", "indoor", "toddler-friendly", "baby-friendly", "teen-friendly", "weekend", "educational", "arts-crafts", "music", "sensory-friendly", "family-festival", "storytime", "stem", "sports", "cooking", "nature", "community", "holiday", "playgroup"]', '[{"slug": "indoor", "reason": "The event takes place in the Giraffe/Rhino area of the zoo.", "confidence": 0.8, "matched_keywords": []}, {"slug": "community", "reason": "The event promotes social interaction and community engagement.", "confidence": 0.7, "matched_keywords": []}, {"slug": "outdoor", "reason": "The event includes a lantern festival that takes place outdoors.", "confidence": 0.6, "matched_keywords": []}, {"slug": "music", "reason": "The atmosphere is likely enhanced by music during the happy hour.", "confidence": 0.5, "matched_keywords": []}]', '{"price": 50, "age_max": null, "age_min": 21, "is_free": false, "venue_name": "Louisville Zoo"}', 'The event is a happy hour at the Louisville Zoo for adults aged 21 and older, featuring food, drinks, and social interaction, with a ticket price of $50.', NULL, 5548, '2026-05-10 16:01:39.227912+00'),
	('c7077d92-be35-473b-a454-316ac5b7e3ab', '84a8197f-989b-4c1e-816e-a3529e0b1adb', '78b8cbbd-eaf6-4df7-be6d-17777e56684b', 'import', 'openai', 'gpt-4o-mini', 'success', 'Early Childhood Pop-Up:  Young Zoologist', 'Young Zoologist Practice your observation skills and learn what it takes to be a zoologist. Find our young zoologist stations in the Islands Zone on Thursdays between 11 a.m. and 1 p.m. to help us track the behavior of some islands mammals. We’ll work on our observation skills by marking where animals are in the exhibits and what they’re doing. Guests will also be able to test their knowledge by identifying different types of animal scat or tracks.  Price FREE with Louisville Zoo membership or admission  About Early Childhood Pop-ups The fun will be popping up this spring and summer at the Zoo!  Perfect for young learners, these new pop-up programs invite families and their children to play, observe and learn in new ways all while visiting the Zoo! Use your imagination during free play in the Cub House, gather around for a story reading, think like a zookeeper with animal activity stations or go on a Litter Critter quest. Pop up programs are FREE with membership or admission to the Zoo. For a full list of details and available sessions, visit our website.         EARLY CHILDHOOD POP-UPS 2026 SCHEDULE        Animal Tales Classes from 10:30 a.m. – 11:30 a.m.    April 19: HerpAquarium April 28: Giraffe Exhibit May 5: Islands / Little Penguin Exhibit May 12: Tiger Taiga May 19: Red Panda Exhibit  Little Critters Classes held in the MetaZoo from 3 p.m. – 5 p.m.   April 15, April 22, April 29 May 6, May 13, May 20, May 27  Playtime in the Cub House Classes held  from 10:00 a.m. – 11:30 a.m. in the Snow Leopard Cub House presented by PNC.   March 28 April 4,  April 25  (April 11 Cancelled) May 2  Young Zoologist Classes held from 11 a.m. – 1 p.m. in the Islands Zone   April 2, April 9, April 16, April 23, April 30 May 7, May 14, May 21, May 28', '["free", "outdoor", "indoor", "toddler-friendly", "baby-friendly", "teen-friendly", "weekend", "educational", "arts-crafts", "music", "sensory-friendly", "family-festival", "storytime", "stem", "sports", "cooking", "nature", "community", "holiday", "playgroup"]', '[{"slug": "free", "reason": "The event is free with Louisville Zoo membership or admission.", "confidence": 1, "matched_keywords": []}, {"slug": "toddler-friendly", "reason": "The program is designed for young learners.", "confidence": 0.9, "matched_keywords": []}, {"slug": "educational", "reason": "Participants learn observation skills and about zoology.", "confidence": 0.8, "matched_keywords": []}, {"slug": "family-festival", "reason": "The event invites families to participate together.", "confidence": 0.7, "matched_keywords": []}, {"slug": "nature", "reason": "The event involves observing animals and their behaviors.", "confidence": 0.6, "matched_keywords": []}, {"slug": "playgroup", "reason": "The program includes free play and interactive activities.", "confidence": 0.5, "matched_keywords": []}]', '{"price": null, "age_max": 6, "age_min": 2, "is_free": true, "venue_name": "Louisville Zoo"}', 'The event is a free educational program for young children at the Louisville Zoo, focusing on observation skills and animal behavior.', NULL, 12428, '2026-05-10 16:01:51.925739+00'),
	('6e81a8c8-a9ff-442d-842b-dcaee5dadbc4', '44f13d11-c89a-44e6-b66f-c889dbd4e6c8', '78b8cbbd-eaf6-4df7-be6d-17777e56684b', 'import', 'openai', 'gpt-4o-mini', 'success', 'Early Childhood Pop-Up:  Playtime in the Cub House', 'Playtime in the Cub House Stop in and enjoy some free play time in the Cub House presented by PNC. Meet other zoo friends and play in our space, the snow leopards might even peek in to play hide and seek with you through the exhibit glass. We will open the Cub House for unstructured play time select Saturday mornings. The space will open for up to 30 people at a time to play from 10:00 a.m. to 11:30 a.m.  Price FREE with Louisville Zoo membership or admission  About Early Childhood Pop-ups The fun will be popping up this spring and summer at the Zoo!  Perfect for young learners, these new pop-up programs invite families and their children to play, observe and learn in new ways all while visiting the Zoo! Use your imagination during free play in the Cub House, gather around for a story reading, think like a zookeeper with animal activity stations or go on a Litter Critter quest. Pop up programs are FREE with membership or admission to the Zoo. For a full list of details and available sessions, visit our website.         EARLY CHILDHOOD POP-UPS 2026 SCHEDULE        Animal Tales Classes from 10:30 a.m. – 11:30 a.m.    April 19: HerpAquarium April 28: Giraffe Exhibit May 5: Islands / Little Penguin Exhibit May 12: Tiger Taiga May 19: Red Panda Exhibit  Little Critters Classes held in the MetaZoo from 3 p.m. – 5 p.m.   April 15, April 22, April 29 May 6, May 13, May 20, May 27  Playtime in the Cub House Classes held  from 10:00 a.m. – 11:30 a.m. in the Snow Leopard Cub House presented by PNC.   March 28 April 4,  April 25  (April 11 Cancelled) May 2  Young Zoologist Classes held from 11 a.m. – 1 p.m. in the Islands Zone   April 2, April 9, April 16, April 23, April 30 May 7, May 14, May 21, May 28', '["free", "outdoor", "indoor", "toddler-friendly", "baby-friendly", "teen-friendly", "weekend", "educational", "arts-crafts", "music", "sensory-friendly", "family-festival", "storytime", "stem", "sports", "cooking", "nature", "community", "holiday", "playgroup"]', '[{"slug": "free", "reason": "The event is free with Louisville Zoo membership or admission.", "confidence": 1, "matched_keywords": []}, {"slug": "toddler-friendly", "reason": "The event is designed for young learners and families with children.", "confidence": 0.9, "matched_keywords": []}, {"slug": "baby-friendly", "reason": "The activities are suitable for very young children.", "confidence": 0.8, "matched_keywords": []}, {"slug": "indoor", "reason": "The event takes place in the Cub House.", "confidence": 0.7, "matched_keywords": []}, {"slug": "weekend", "reason": "The event is held on Saturday mornings.", "confidence": 0.6, "matched_keywords": []}, {"slug": "educational", "reason": "The event includes learning through play and animal activity stations.", "confidence": 0.5, "matched_keywords": []}]', '{"price": null, "age_max": 5, "age_min": 0, "is_free": true, "venue_name": "Cub House at Louisville Zoo"}', 'The event is free and designed for young children, making it suitable for toddlers and babies. It takes place indoors on weekends and includes educational activities.', NULL, 4624, '2026-05-10 16:01:56.859619+00'),
	('280b7f4c-9733-4cd1-b947-86c6bcb5730c', '6a0239c5-d7b1-47fb-afdf-1a581da3aff7', '78b8cbbd-eaf6-4df7-be6d-17777e56684b', 'import', 'openai', 'gpt-4o-mini', 'success', 'Conservation and Conversations: Urban Wildlife', 'Guest Presenter: wildlife disease ecologist Jake Shurba, Ph.D. student with Clemson University!  Conservation AND Conversations Dates: Final Wednesday of each month Virtual sessions: Check dates for times. Sessions on Google Meet Recordings available for registered participants upon request. In-person sessions: Check dates for times and locations. Cost: FREE with admission or membership to the Louisville Zoo.   Join the conversation! Talk with Louisville Zoo staff and knowledgeable guest presenters about a variety of conservation and environmental topics. Each month will focus on a different broad topic (like healthy ecosystem function or native plant management). Discussions will be guided by an expert guest presenter or a chosen book.   Participants will receive two to four emails per month with invitations to the monthly sessions, background information on topics and speakers, links to further learning resources and media recommendations, as well as opportunities to provide program feedback. You may request to be removed from our email list at any time.    Free Online Reservation              Conservation and Conversations Schedule         Conservation and Conversations: Polar Bears International (Virtual Session) February 25, 2026 @ 2:00 pm  Excited about polar bears? Join us this month as we celebrate international polar bear day and learn from the experts at Polar Bears International about the latest research and conservation efforts for these bears and the sea ice they depend on.        Conservation and Conversations: Beaverland (Virtual) Virtual:  March 25 at 2 p.m. In-Person:  March 28 at 2 p.m.   This month we are reading Beaverland: How One Weird Rodent Made America by Leila Philip. Our discussion will center on the book and what we can learn about and from these amazing animals.       Conservation and Conversations: kNOw Waste (Virtual) April 29, 2026 @ 2:00 pm  Join us this month to learn from experts from kNOw Waste about our waste systems and the ways microplastics are spreading throughout our world.       Conservation and Conversations: Urban Wildlife May 27, 2026 @ 2:00 pm  Guest Presenter: wildlife disease ecologist Jake Shurba, Ph.D. student with Clemson University        Conservation and Conversations: Soil (Virtual) Virtual:  June 24 at 2 p.m. In-Person:  June 27 at 2 p.m.   Join us for a discussion on the book Soil: The Story of a Black Mother’s Garden by Camille T. Dungy.        Conservation and Conversations: Tigers (Virtual) July 29, 2026 @ 2:00 pm  More information coming soon! Guest Presenter to be announced.        Conservation and Conversations: Urban Green Space (Virtual) August 26, 2026 @ 2:00 pm  More information coming soon! Guest Presenter to be announced.        Conservation and Conversations: Fuzz (In Person) In-Person:  Sept. 26 at 2 p.m. Virtual:  Sept. 30 at 2 p.m.   Book Discussion on Fuzz: When Nature Breaks the Law by Mary Roach                   More Family Events       Looking for more Education Events and programs?  Learn more!', '["free", "outdoor", "indoor", "toddler-friendly", "baby-friendly", "teen-friendly", "weekend", "educational", "arts-crafts", "music", "sensory-friendly", "family-festival", "storytime", "stem", "sports", "cooking", "nature", "community", "holiday", "playgroup"]', '[{"slug": "free", "reason": "The event is free with admission or membership to the Louisville Zoo.", "confidence": 1, "matched_keywords": []}, {"slug": "educational", "reason": "The event focuses on conservation and environmental topics with expert guest presenters.", "confidence": 0.9, "matched_keywords": []}, {"slug": "nature", "reason": "The discussions revolve around wildlife and environmental conservation.", "confidence": 0.8, "matched_keywords": []}, {"slug": "family-festival", "reason": "The event is designed for families to engage in discussions about wildlife and conservation.", "confidence": 0.7, "matched_keywords": []}, {"slug": "community", "reason": "The event encourages community participation and conversation about conservation topics.", "confidence": 0.6, "matched_keywords": []}, {"slug": "toddler-friendly", "reason": "The event is suitable for families, including young children, to learn about wildlife.", "confidence": 0.5, "matched_keywords": []}]', '{"price": null, "age_max": null, "age_min": null, "is_free": true, "venue_name": "Louisville Zoo"}', 'The event is free with admission or membership to the Louisville Zoo and focuses on educational discussions about wildlife and conservation, making it suitable for families.', NULL, 5404, '2026-05-10 16:02:03.279658+00'),
	('02c68853-eb6c-4287-b97f-e6545249deab', '9096d803-9d32-42dc-8b0f-7d748bf7b299', '78b8cbbd-eaf6-4df7-be6d-17777e56684b', 'import', 'openai', 'gpt-4o-mini', 'success', 'Early Childhood Pop-Up:  Litter Critters', 'Litter Critters Plastic is everywhere! Join us at our Litter Critter stations to learn how plastic waste effects animals and humans here in Kentucky and around the world. We’ll play games focused on recycling to earn a special sticker! These stations will be in the MetaZoo or the HerpAquarium on Wednesday afternoons in the spring.  Price FREE with Louisville Zoo membership or admission  About Early Childhood Pop-ups The fun will be popping up this spring and summer at the Zoo!  Perfect for young learners, these new pop-up programs invite families and their children to play, observe and learn in new ways all while visiting the Zoo! Use your imagination during free play in the Cub House, gather around for a story reading, think like a zookeeper with animal activity stations or go on a Litter Critter quest. Pop up programs are FREE with membership or admission to the Zoo. For a full list of details and available sessions, visit our website.         EARLY CHILDHOOD POP-UPS 2026 SCHEDULE        Animal Tales Classes from 10:30 a.m. – 11:30 a.m.    April 19: HerpAquarium April 28: Giraffe Exhibit May 5: Islands / Little Penguin Exhibit May 12: Tiger Taiga May 19: Red Panda Exhibit  Little Critters Classes held in the MetaZoo from 3 p.m. – 5 p.m.   April 15, April 22, April 29 May 6, May 13, May 20, May 27  Playtime in the Cub House Classes held  from 10:00 a.m. – 11:30 a.m. in the Snow Leopard Cub House presented by PNC.   March 28 April 4,  April 25  (April 11 Cancelled) May 2  Young Zoologist Classes held from 11 a.m. – 1 p.m. in the Islands Zone   April 2, April 9, April 16, April 23, April 30 May 7, May 14, May 21, May 28', '["free", "outdoor", "indoor", "toddler-friendly", "baby-friendly", "teen-friendly", "weekend", "educational", "arts-crafts", "music", "sensory-friendly", "family-festival", "storytime", "stem", "sports", "cooking", "nature", "community", "holiday", "playgroup"]', '[{"slug": "free", "reason": "The event is free with Louisville Zoo membership or admission.", "confidence": 1, "matched_keywords": []}, {"slug": "toddler-friendly", "reason": "The program is designed for young learners.", "confidence": 0.9, "matched_keywords": []}, {"slug": "educational", "reason": "Participants will learn about plastic waste and its effects.", "confidence": 0.8, "matched_keywords": []}, {"slug": "family-festival", "reason": "The event invites families to participate in activities together.", "confidence": 0.7, "matched_keywords": []}, {"slug": "nature", "reason": "The event focuses on environmental education related to animals.", "confidence": 0.6, "matched_keywords": []}, {"slug": "storytime", "reason": "Includes story readings as part of the activities.", "confidence": 0.5, "matched_keywords": []}]', '{"price": null, "age_max": 5, "age_min": 0, "is_free": true, "venue_name": "Louisville Zoo"}', 'The event is a free educational program for young children at the Louisville Zoo, focusing on environmental awareness and family engagement.', NULL, 6926, '2026-05-10 16:02:10.839353+00'),
	('c249176f-9069-47f9-afb3-a7a54a9cd878', 'adaf1265-7556-4d77-82ae-5e614390f4c5', '78b8cbbd-eaf6-4df7-be6d-17777e56684b', 'import', 'openai', 'gpt-4o-mini', 'success', 'Early Childhood Pop-Up:  Young Zoologist', 'Young Zoologist Practice your observation skills and learn what it takes to be a zoologist. Find our young zoologist stations in the Islands Zone on Thursdays between 11 a.m. and 1 p.m. to help us track the behavior of some islands mammals. We’ll work on our observation skills by marking where animals are in the exhibits and what they’re doing. Guests will also be able to test their knowledge by identifying different types of animal scat or tracks.  Price FREE with Louisville Zoo membership or admission  About Early Childhood Pop-ups The fun will be popping up this spring and summer at the Zoo!  Perfect for young learners, these new pop-up programs invite families and their children to play, observe and learn in new ways all while visiting the Zoo! Use your imagination during free play in the Cub House, gather around for a story reading, think like a zookeeper with animal activity stations or go on a Litter Critter quest. Pop up programs are FREE with membership or admission to the Zoo. For a full list of details and available sessions, visit our website.         EARLY CHILDHOOD POP-UPS 2026 SCHEDULE        Animal Tales Classes from 10:30 a.m. – 11:30 a.m.    April 19: HerpAquarium April 28: Giraffe Exhibit May 5: Islands / Little Penguin Exhibit May 12: Tiger Taiga May 19: Red Panda Exhibit  Little Critters Classes held in the MetaZoo from 3 p.m. – 5 p.m.   April 15, April 22, April 29 May 6, May 13, May 20, May 27  Playtime in the Cub House Classes held  from 10:00 a.m. – 11:30 a.m. in the Snow Leopard Cub House presented by PNC.   March 28 April 4,  April 25  (April 11 Cancelled) May 2  Young Zoologist Classes held from 11 a.m. – 1 p.m. in the Islands Zone   April 2, April 9, April 16, April 23, April 30 May 7, May 14, May 21, May 28', '["free", "outdoor", "indoor", "toddler-friendly", "baby-friendly", "teen-friendly", "weekend", "educational", "arts-crafts", "music", "sensory-friendly", "family-festival", "storytime", "stem", "sports", "cooking", "nature", "community", "holiday", "playgroup"]', '[{"slug": "free", "reason": "The event is free with Louisville Zoo membership or admission.", "confidence": 1, "matched_keywords": []}, {"slug": "toddler-friendly", "reason": "The program is designed for young learners.", "confidence": 0.9, "matched_keywords": []}, {"slug": "educational", "reason": "Participants learn observation skills and about zoology.", "confidence": 0.8, "matched_keywords": []}, {"slug": "family-festival", "reason": "The event invites families to participate together.", "confidence": 0.7, "matched_keywords": []}, {"slug": "nature", "reason": "The event involves observing animals and their behaviors.", "confidence": 0.6, "matched_keywords": []}, {"slug": "storytime", "reason": "Includes story readings as part of the activities.", "confidence": 0.5, "matched_keywords": []}]', '{"price": null, "age_max": 6, "age_min": 2, "is_free": true, "venue_name": "Louisville Zoo"}', 'The event is a free educational program for young children at the Louisville Zoo, focusing on observation skills and zoology, making it suitable for toddlers and families.', NULL, 14009, '2026-05-10 16:02:25.226287+00'),
	('23c51d69-edbf-4764-92f6-88ce6186f571', '6cb7f5a0-30c0-4ddb-b7b7-233578f3e535', '78b8cbbd-eaf6-4df7-be6d-17777e56684b', 'import', 'openai', 'gpt-4o-mini', 'success', 'Breakfast with the Beasts: Aldabra Tortoise', 'Buy Now! Join us for Breakfast with the Beasts, where you’ll have the chance to enjoy a morning meal while observing and learning about the fascinating world of the Aldabra Tortoise.  Wake up with some of your favorite animals in this program that brings a special look into how our animals start the day. Tickets include a hot breakfast featuring a waffle bar (Belgian waffles, assorted toppings, sausage links, fresh brewed coffee, orange juice and water), parking and admission for the day at the Zoo. Plus, the chance to ask all your questions to our knowledgeable staff! Breakfast will occur near the featured animals’ exhibit area and all programs will feature an exclusive keeper talk along with a chance to create enrichment for one of the Zoo’s animals!  Breakfast with the Beasts is intended for families with children ages 4 – 18.  Also good for scout and youth groups of the same age.  Prices $40 per person Age 2 and Under: $0 Advance purchase required.  Buy Now!           Breakfast with the Beasts Schedule        Breakfast with the Beasts: Beavers April 4, 2026 @ 9:00 am  Join us for Breakfast with the Beasts, where you’ll have the chance to enjoy a morning meal while observing and learning about the fascinating world of beavers.        Breakfast with the Beasts: Warthogs April 18, 2026 @ 9:00 am  Join us for Breakfast with the Beasts, where you’ll have the chance to enjoy a morning meal while observing and learning about the fascinating world of warthogs.       Breakfast with the Beasts: Zebra May 2, 2026 @ 9:00 am  Join us for Breakfast with the Beasts, where you’ll have the chance to enjoy a morning meal while observing and learning about the fascinating world of Zebra.       Breakfast with the Beasts: Aldabra Tortoise May 31, 2026 @ 9:00 am  Join us for Breakfast with the Beasts, where you’ll have the chance to enjoy a morning meal while observing and learning about the fascinating world of the Aldabra Tortoise.       Breakfast with the Beasts: Crocs and Gators June 13, 2026 @ 9:00 am  Join us for Breakfast with the Beasts, where you’ll have the chance to enjoy a morning meal while observing and learning about the fascinating world of Crocs and Gators.       Breakfast with the Beasts: Australia June 20, 2026 @ 9:00 am  Join us for Breakfast with the Beasts, where you’ll have the chance to enjoy a morning meal while observing and learning about the fascinating world of Australia.       Breakfast with the Beasts: Sumatran Tiger July 18, 2026 @ 9:00 am  Join us for Breakfast with the Beasts, where you’ll have the chance to enjoy a morning meal while observing and learning about the fascinating world of the Sumatran Tiger.       Breakfast with the Beasts: Giraffe August 8, 2026 @ 9:00 am  Join us for Breakfast with the Beasts, where you’ll have the chance to enjoy a morning meal while observing and learning about the fascinating world of Giraffes.       Breakfast with the Beasts: Orangutan August 15, 2026 @ 9:00 am  Join us for Breakfast with the Beasts, where you’ll have the chance to enjoy a morning meal while observing and learning about the fascinating world of Orangutans.       Breakfast with the Beasts: Aldabra Tortoise September 6, 2026 @ 9:00 am  Join us for Breakfast with the Beasts, where you’ll have the chance to enjoy a morning meal while observing and learning about the fascinating world of the Aldabra Tortoise.       Breakfast with the Beasts: Red Panda September 12, 2026 @ 9:00 am  Join us for Breakfast with the Beasts, where you’ll have the chance to enjoy a morning meal while observing and learning about the fascinating world of red pandas.               More Family Events       Looking for more Education Events and programs?  Learn more!', '["free", "outdoor", "indoor", "toddler-friendly", "baby-friendly", "teen-friendly", "weekend", "educational", "arts-crafts", "music", "sensory-friendly", "family-festival", "storytime", "stem", "sports", "cooking", "nature", "community", "holiday", "playgroup"]', '[{"slug": "educational", "reason": "The event includes learning about the Aldabra Tortoise and features keeper talks.", "confidence": 0.9, "matched_keywords": []}, {"slug": "family-festival", "reason": "The event is designed for families with children ages 4-18.", "confidence": 0.8, "matched_keywords": []}, {"slug": "toddler-friendly", "reason": "Children ages 2 and under can attend for free.", "confidence": 0.7, "matched_keywords": []}, {"slug": "weekend", "reason": "The event occurs on weekends.", "confidence": 0.6, "matched_keywords": []}, {"slug": "outdoor", "reason": "The event takes place at the zoo, which is an outdoor venue.", "confidence": 0.5, "matched_keywords": []}, {"slug": "cooking", "reason": "The event includes a breakfast meal with a waffle bar.", "confidence": 0.4, "matched_keywords": []}]', '{"price": 40, "age_max": 18, "age_min": 4, "is_free": false, "venue_name": "Zoo"}', 'The event is classified based on its educational content, family-oriented nature, and specific age range for participants. It includes a meal, which aligns with cooking activities, and takes place at an outdoor venue.', NULL, 6018, '2026-05-10 16:02:31.467238+00'),
	('0ac6bca8-4154-4f7e-833c-34399e50a196', 'f63624c0-98d3-4b6d-b03e-3992114006d9', '78b8cbbd-eaf6-4df7-be6d-17777e56684b', 'import', 'openai', 'gpt-4o-mini', 'success', 'Wild Workout: Pilates (Red Panda) - SOLD OUT', 'BUY NOW! Gate opens at 6 p.m. |  Class begins at 6:30 p.m.  Admire and imitate the graceful balance of our red pandas as you stretch and unwind in front of this forested exhibit space. You may find Sundara relaxing nearby on his favorite perch.    Join us for physical fun in the wild! We’re partnering with Flex Appeal to continue special Wild Workouts at your Zoo this year. We will be offering five unique outdoor classes after the Zoo closes, so you can stretch in some of your favorite exhibit spaces.  For beginners and seasoned practitioners alike, these classes are designed to help you increase flexibility, strengthen muscles, and improve overall health and recovery. Closed-toed shoes are strongly encouraged. Guests are also encouraged to bring a refillable water bottle that can be used at the bottle refill stations around the Zoo.  Classes are $25 each, plus a processing fee, and are available online only. All fitness levels and abilities are welcome. Tickets must be purchased online prior to the workout in order to attend.  The front gate opens at 6:00 p.m. Classes begin at 6:30 p.m.  Prices $25 per person plus processing fee  Classes sold out in 2025 — Reserve your spot early!         FITNESS EVENTS        Throo the Zoo 5K Run/Walk 2026 May 9, 2026 @ 8:00 am  Race on over for the WILDEST 5K in Louisville! This unique course doesn’t just go around the Zoo but takes you on a safari directly “throo” the Zoo! Participants receive a t-shirt, finishers medal, post-race refreshments, PLUS a ticket to visit the Zoo at a much slower pace!       Wild Workout: Yoga (Flamingos) – SOLD OUT May 13, 2026 @ 6:00 pm  Join the flamboyance during this low-impact, muscle strengthening workout. Focus on controlled movements as flamingos showcase the art of poise and balance nearby.     Wild Workout: Pilates (Red Panda) – SOLD OUT June 3, 2026 @ 6:00 pm  Admire and imitate the graceful balance of our red pandas as you stretch and unwind in front of this forested exhibit space.     Wild Workout: Yoga (Glacier Run) June 22, 2026 @ 6:00 pm  Join us in the arctic-inspired town of Glacier Run where you may see a grizzly or polar bear wandering about. It doesn’t matter if you can BEARly touch your toes, this workout is perfect for all fitness levels.      Wild Workout: Pilates (Giraffe) July 7, 2026 @ 6:00 pm  Find inspiration in nature as you stretch and strike a pose with our giraffe herd looking on.     Wild Workout: Yoga (Butterfly) July 22, 2026 @ 6:00 pm  Stretch your wings alongside our butterflies during this peaceful yoga session. Flitter inside our butterfly habitat post-workout to enjoy your animal inspiration up-close.      Wild Workout: Yoga (Colobus) August 1, 2026 @ 6:00 pm  Swing by and enjoy this one-of-a-kind workout after the Zoo closes. Increase your flexibility as you enjoy the sights and sounds of our colobus monkey family peering at you from their lush habitat.      Wild Workout: Pilates (Little Penguin) August 19, 2026 @ 6:00 pm  Enjoy a low-impact, muscle strengthening workout as our playful little penguins look on.      Wild Workout: Yoga (Giraffe) September 1, 2026 @ 6:00 pm  Find inspiration in nature as you stretch and strike a pose with our giraffe herd looking on. These gentle giants will soothe your mind and help you find inner peace after a long day     Wild Workout: Pilates (Pinniped) September 9, 2026 @ 6:00 pm  Find your flow at this low-impact, muscle strengthening workout as you watch our playful pinnipeds (seals and sea lions).     Throo the Boo 2026 November 7, 2026 @ 6:00 pm  Dash over and join us for the SWEETEST Fun Run in Louisville! This unique course doesn’t just go around the Zoo but takes you directly “throo” the Zoo along our popular Boo at the Zoo route.', '["free", "outdoor", "indoor", "toddler-friendly", "baby-friendly", "teen-friendly", "weekend", "educational", "arts-crafts", "music", "sensory-friendly", "family-festival", "storytime", "stem", "sports", "cooking", "nature", "community", "holiday", "playgroup"]', '[{"slug": "outdoor", "reason": "The event is held outdoors at the Zoo.", "confidence": 0.9, "matched_keywords": []}, {"slug": "nature", "reason": "Participants are encouraged to admire the red pandas in their natural habitat.", "confidence": 0.9, "matched_keywords": []}, {"slug": "teen-friendly", "reason": "The class is suitable for all fitness levels, including teens.", "confidence": 0.8, "matched_keywords": []}, {"slug": "sports", "reason": "The event is a fitness class focusing on Pilates.", "confidence": 0.8, "matched_keywords": []}, {"slug": "family-festival", "reason": "The event encourages family participation in a fun workout.", "confidence": 0.7, "matched_keywords": []}, {"slug": "educational", "reason": "The class promotes health and wellness education through fitness.", "confidence": 0.6, "matched_keywords": []}]', '{"price": 25, "age_max": null, "age_min": null, "is_free": false, "venue_name": "Zoo"}', 'The event is an outdoor Pilates class at the Zoo, suitable for families and teens, focusing on fitness and nature appreciation.', NULL, 3860, '2026-05-10 16:02:35.576333+00'),
	('131f9f36-0349-453b-b5f5-7b628b085c61', 'ca1da74c-3b71-4240-b70d-d8269ef2fa90', '78b8cbbd-eaf6-4df7-be6d-17777e56684b', 'import', 'openai', 'gpt-4o-mini', 'success', 'Super Summer Saturday (2026)', 'June 6, 2026 10 a.m. to 2 p.m. Free with Zoo Admission or your Louisville Membership  Pop! Bam! Wow! Fly, jump or warp your way over to the Zoo to visit with some of your favorite superheroes, here to kick off the summer season. While at the Zoo, learn about some of the amazing adaptations your favorite animals harness as their own wild “superpowers”.  Character meet and greets are FREE with Zoo admission or your Louisville Zoo Membership.   About Meet Me at the Zoo Imagination comes to life as kids (and kids-at-heart) meet some of their favorite characters from books, movies and more throughout the Zoo during this fun event series. Character meet and greets are FREE with Zoo admission or your Louisville Zoo Membership.  You’ll have multiple opportunities throughout the year to meet some of your favorite characters.  presented by          Meet Me at the Zoo        March 28 & 29 Bunny Hop Hop over for an EGGstra fun time as you meet the Easter Bunny, hunt for eggs and more.May 16 Storybook Character Day Your favorite characters hop straight off the page and into your Zoo. Meet Curious George, Pete the Cat and more!  June 6 Super Summer Saturday Fly, jump or warp your way over to the Zoo to visit with some of your favorite superheroes, here to kick off the summer season.  July 18 Summer Santa It’s a jolly summer holiday as Santa and Mrs. Claus stop at your Zoo while on vacation  August 8 Royal Rendezvous Join some of your favorite princesses as they close out the summer season with a special soiree at the Zoo.', '["free", "outdoor", "indoor", "toddler-friendly", "baby-friendly", "teen-friendly", "weekend", "educational", "arts-crafts", "music", "sensory-friendly", "family-festival", "storytime", "stem", "sports", "cooking", "nature", "community", "holiday", "playgroup"]', '[{"slug": "free", "reason": "Character meet and greets are FREE with Zoo admission or your Louisville Zoo Membership.", "confidence": 1, "matched_keywords": []}, {"slug": "toddler-friendly", "reason": "The event is designed for kids and families, making it suitable for toddlers.", "confidence": 0.9, "matched_keywords": []}, {"slug": "family-festival", "reason": "The event is a fun series for families to meet characters and enjoy activities.", "confidence": 0.9, "matched_keywords": []}, {"slug": "outdoor", "reason": "The event takes place at the Zoo, which is an outdoor venue.", "confidence": 0.8, "matched_keywords": []}, {"slug": "weekend", "reason": "The event occurs on a Saturday, which is typically a weekend day.", "confidence": 0.7, "matched_keywords": []}, {"slug": "educational", "reason": "The event includes learning about animal adaptations, providing educational value.", "confidence": 0.6, "matched_keywords": []}]', '{"price": null, "age_max": null, "age_min": null, "is_free": true, "venue_name": "Louisville Zoo"}', 'The event is free with Zoo admission, suitable for families and toddlers, and takes place outdoors at the Louisville Zoo.', NULL, 6048, '2026-05-10 16:02:41.938351+00'),
	('5a040799-e0e1-47f6-ba51-afdf388a58ca', '3ced4730-bc45-4f3a-b147-277d806b9146', '78b8cbbd-eaf6-4df7-be6d-17777e56684b', 'import', 'openai', 'gpt-4o-mini', 'success', 'Zoofari 2026', '| HOME | TICKETS | SPONSORS | FAQS | AUCTION | CONTACT | ADOPTIONS |              Join us in celebrating the 45th annual Zoofari gala, hosted by Friends of the Louisville Zoo, on Friday, June 12, 2026. This year, we are honoring three members of the Louisville Zoo’s majestic family: Masai giraffes Baridi, Kianga, Josie and Nyasi. The night begins with signature cocktails, hors d’oeuvres, dinner, silent auction, a bourbon pull, and live music provided by the Louisville Crashers.  Don’t miss out on special opportunities only available to sponsors, including animal encounters, VIP options, and a unique live auction. There is no other party in town like this!  All proceeds will support the enhancement and expansion of the Louisville Zoo.  Please note that this event is for guests who are 21+ only.                                                                Zoofari is hosted by the Friends of the Louisville Zoo board. The Friends of the Louisville Zoo (FOZ) was established in 1969 and is a 100% volunteer managed 501(c)(3) charitable organization (EIN #61-0721682), raising funds to support the enhancement and expansion of The Louisville Zoo.            ', '["free", "outdoor", "indoor", "toddler-friendly", "baby-friendly", "teen-friendly", "weekend", "educational", "arts-crafts", "music", "sensory-friendly", "family-festival", "storytime", "stem", "sports", "cooking", "nature", "community", "holiday", "playgroup"]', '[{"slug": "music", "reason": "The event features live music provided by the Louisville Crashers.", "confidence": 0.9, "matched_keywords": []}, {"slug": "community", "reason": "The event supports the enhancement and expansion of the Louisville Zoo, benefiting the community.", "confidence": 0.8, "matched_keywords": []}, {"slug": "holiday", "reason": "The event is a gala celebration, which can be considered a festive occasion.", "confidence": 0.7, "matched_keywords": []}, {"slug": "family-festival", "reason": "The event is hosted by a family-oriented organization and celebrates animals, appealing to families.", "confidence": 0.6, "matched_keywords": []}, {"slug": "educational", "reason": "The event involves animal encounters and supports a zoo, which has educational aspects.", "confidence": 0.5, "matched_keywords": []}, {"slug": "outdoor", "reason": "The event is associated with a zoo, which typically has outdoor elements.", "confidence": 0.4, "matched_keywords": []}]', '{"price": null, "age_max": null, "age_min": 21, "is_free": false, "venue_name": null}', 'The event is a gala for adults 21 and over, featuring live music and supporting the zoo, which aligns with community and educational themes.', NULL, 5349, '2026-05-10 16:02:47.570566+00'),
	('43c0d208-4c69-4aca-a1de-94ba6a588e80', '57e8c11c-f367-498d-847d-b01e43803ba4', '78b8cbbd-eaf6-4df7-be6d-17777e56684b', 'import', 'openai', 'gpt-4o-mini', 'success', 'Breakfast with the Beasts: Crocs and Gators', 'Buy Now! Join us for Breakfast with the Beasts, where you’ll have the chance to enjoy a morning meal while observing and learning about the fascinating world of Crocs and Gators.  Wake up with some of your favorite animals in this program that brings a special look into how our animals start the day. Tickets include a hot breakfast featuring a waffle bar (Belgian waffles, assorted toppings, sausage links, fresh brewed coffee, orange juice and water), parking and admission for the day at the Zoo. Plus, the chance to ask all your questions to our knowledgeable staff! Breakfast will occur near the featured animals’ exhibit area and all programs will feature an exclusive keeper talk along with a chance to create enrichment for one of the Zoo’s animals!  Breakfast with the Beasts is intended for families with children ages 4 – 18.  Also good for scout and youth groups of the same age.  Prices $40 per person Age 2 and Under: $0 Advance purchase required.  Buy Now!           Breakfast with the Beasts Schedule        Breakfast with the Beasts: Beavers April 4, 2026 @ 9:00 am  Join us for Breakfast with the Beasts, where you’ll have the chance to enjoy a morning meal while observing and learning about the fascinating world of beavers.        Breakfast with the Beasts: Warthogs April 18, 2026 @ 9:00 am  Join us for Breakfast with the Beasts, where you’ll have the chance to enjoy a morning meal while observing and learning about the fascinating world of warthogs.       Breakfast with the Beasts: Zebra May 2, 2026 @ 9:00 am  Join us for Breakfast with the Beasts, where you’ll have the chance to enjoy a morning meal while observing and learning about the fascinating world of Zebra.       Breakfast with the Beasts: Aldabra Tortoise May 31, 2026 @ 9:00 am  Join us for Breakfast with the Beasts, where you’ll have the chance to enjoy a morning meal while observing and learning about the fascinating world of the Aldabra Tortoise.       Breakfast with the Beasts: Crocs and Gators June 13, 2026 @ 9:00 am  Join us for Breakfast with the Beasts, where you’ll have the chance to enjoy a morning meal while observing and learning about the fascinating world of Crocs and Gators.       Breakfast with the Beasts: Australia June 20, 2026 @ 9:00 am  Join us for Breakfast with the Beasts, where you’ll have the chance to enjoy a morning meal while observing and learning about the fascinating world of Australia.       Breakfast with the Beasts: Sumatran Tiger July 18, 2026 @ 9:00 am  Join us for Breakfast with the Beasts, where you’ll have the chance to enjoy a morning meal while observing and learning about the fascinating world of the Sumatran Tiger.       Breakfast with the Beasts: Giraffe August 8, 2026 @ 9:00 am  Join us for Breakfast with the Beasts, where you’ll have the chance to enjoy a morning meal while observing and learning about the fascinating world of Giraffes.       Breakfast with the Beasts: Orangutan August 15, 2026 @ 9:00 am  Join us for Breakfast with the Beasts, where you’ll have the chance to enjoy a morning meal while observing and learning about the fascinating world of Orangutans.       Breakfast with the Beasts: Aldabra Tortoise September 6, 2026 @ 9:00 am  Join us for Breakfast with the Beasts, where you’ll have the chance to enjoy a morning meal while observing and learning about the fascinating world of the Aldabra Tortoise.       Breakfast with the Beasts: Red Panda September 12, 2026 @ 9:00 am  Join us for Breakfast with the Beasts, where you’ll have the chance to enjoy a morning meal while observing and learning about the fascinating world of red pandas.               More Family Events       Looking for more Education Events and programs?  Learn more!', '["free", "outdoor", "indoor", "toddler-friendly", "baby-friendly", "teen-friendly", "weekend", "educational", "arts-crafts", "music", "sensory-friendly", "family-festival", "storytime", "stem", "sports", "cooking", "nature", "community", "holiday", "playgroup"]', '[{"slug": "educational", "reason": "The event includes learning about animals and features keeper talks.", "confidence": 0.9, "matched_keywords": []}, {"slug": "family-festival", "reason": "The event is designed for families with children.", "confidence": 0.8, "matched_keywords": []}, {"slug": "toddler-friendly", "reason": "Children ages 2 and under are free, indicating suitability for young children.", "confidence": 0.7, "matched_keywords": []}, {"slug": "teen-friendly", "reason": "The event is intended for children ages 4-18, including teens.", "confidence": 0.7, "matched_keywords": []}, {"slug": "weekend", "reason": "The event occurs on weekends, making it accessible for families.", "confidence": 0.6, "matched_keywords": []}, {"slug": "outdoor", "reason": "The event takes place at the zoo, which is an outdoor venue.", "confidence": 0.5, "matched_keywords": []}]', '{"price": 40, "age_max": 18, "age_min": 4, "is_free": false, "venue_name": "Zoo"}', 'The event is a family-oriented educational breakfast at the zoo, suitable for children aged 4-18, with a ticket price of $40 per person.', NULL, 5185, '2026-05-10 16:02:53.074707+00'),
	('a9a51a00-92a2-4027-947b-0a074cc01c9a', '012e5d5f-3a58-424a-8b87-41d271571d55', '78b8cbbd-eaf6-4df7-be6d-17777e56684b', 'import', 'openai', 'gpt-4o-mini', 'success', 'Trivia Night - Wild World of Disney', 'Advance purchase required. Doors open at 6:30 p.m. | Trivia begins at 7:00 p.m.  Purchase Tickets!  Join us after-hours for a wild, themed trivia game. These fun-filled evenings will feature music, prizes and of course, trivia! Food and drink specials will be available. Prizes will be awarded to the first, second and third place teams. Evening hosted by Louisville Trivia.   Wild World of Disney Put on your thinking cap (or favorite pair of Mickey ears) for this wild night of trivia. You’ll have to do more than wish upon a star to take the top prize.    Prices Individual ticket: $25 Team of 4: $80 Team of 8: $160  Purchase Tickets!  Notes:   Eight is the maximum number of members you can have on one team. This event is for guests ages 21 and older. No children will be admitted. Outside alcohol will not be permitted. There are no refunds, rainchecks or discounts for this special experience.         Trivia Nights Schedule        Trivia Night – Zooper Heroes March 18, 2026 @ 6:30 pm  Join us for this green-themed trivia night and test your luck for a chance to win a pot of gold. (Actual prizes do not include real gold coins.)      Trivia Night – April Fools April 15, 2026 @ 6:30 pm  Expect the unexpected! See what zany tricks we have up our sleeves at this punny and wacky night of trivia fun.     Trivia Night – Revenge of the Sixth May 6, 2026 @ 6:30 pm  May the facts be with you as you take on this galactic challenge. You could play Star Wars trivia Solo, but we recommend building a team of jedi masters. Seats may fill up in less than 12 parsecs, so do (or do not) reserve your seat early.     Trivia Night – Wild World of Disney June 17, 2026 @ 6:30 pm  Put on your thinking cap (or favorite pair of Mickey ears) for this wild night of trivia. You’ll have to do more than wish upon a star to take the top prize.      Trivia Night – Spicy Summer Reads July 15, 2026 @ 6:30 pm  Summer is heating up! Sparks will fly at this wild night of trivia based on book boyfriends from fan-favorite novels across all genres of romance.      Trivia Night – Mystery Flavor August 12, 2026 @ 6:30 pm  You can guess, but we won’t tell you! Join us for a wild night of trivia with a super-secret theme. Don’t worry—we promise it’s a good one.     Trivia Night – Wild World of Disney September 2, 2026 @ 6:30 pm  Put on your thinking cap (or favorite pair of Mickey ears) for this wild night of trivia. You’ll have to do more than wish upon a star to take the top prize.      Trivia Night – Cozy Caper November 18, 2026 @ 6:30 pm  Only the greatest detectives will be able to solve the mystery. Answer trivia questions and put together clues to figure out ZOOdunnit.     Trivia Night – Jungle Bells December 16, 2026 @ 6:30 pm  Don your ugliest holiday sweater and test your knowledge for this wildly festive reindeer game.           More 21+ Events       Looking for more grown-up fun at your Zoo? Enjoy our lineup of adult-only events this year! Check out similar events at your Zoo like Happy Hours, Brew at the Zoo and Monarchs & Mimosas.  Learn more…', '["free", "outdoor", "indoor", "toddler-friendly", "baby-friendly", "teen-friendly", "weekend", "educational", "arts-crafts", "music", "sensory-friendly", "family-festival", "storytime", "stem", "sports", "cooking", "nature", "community", "holiday", "playgroup"]', '[{"slug": "indoor", "reason": "The event is hosted indoors with food and drink specials.", "confidence": 0.9, "matched_keywords": []}, {"slug": "community", "reason": "The event encourages community participation through team-based trivia.", "confidence": 0.8, "matched_keywords": []}, {"slug": "music", "reason": "The trivia night features music as part of the themed event.", "confidence": 0.7, "matched_keywords": []}, {"slug": "weekend", "reason": "The event occurs in the evening, which is typically a weekend-friendly time.", "confidence": 0.5, "matched_keywords": []}, {"slug": "holiday", "reason": "The Disney theme may appeal to holiday festivities, though not explicitly a holiday event.", "confidence": 0.2, "matched_keywords": []}, {"slug": "teen-friendly", "reason": "While the event is primarily for ages 21 and older, teens may be interested in trivia.", "confidence": 0.1, "matched_keywords": []}]', '{"price": 25, "age_max": null, "age_min": 21, "is_free": false, "venue_name": null}', 'The event is a themed trivia night for adults aged 21 and older, with a ticket price of $25 for individuals. It is held indoors and features music, making it a community-oriented event.', NULL, 3900, '2026-05-10 16:02:57.281177+00'),
	('12473c00-3bdc-4637-8c9b-57c177b040ec', '0a947163-5e71-4a07-82d3-66b74fb42e19', '78b8cbbd-eaf6-4df7-be6d-17777e56684b', 'import', 'openai', 'gpt-4o-mini', 'success', 'Breakfast with the Beasts: Australia', 'Buy Now! Join us for Breakfast with the Beasts, where you’ll have the chance to enjoy a morning meal while observing and learning about the fascinating world of Australia.  Wake up with some of your favorite animals in this program that brings a special look into how our animals start the day. Tickets include a hot breakfast featuring a waffle bar (Belgian waffles, assorted toppings, sausage links, fresh brewed coffee, orange juice and water), parking and admission for the day at the Zoo. Plus, the chance to ask all your questions to our knowledgeable staff! Breakfast will occur near the featured animals’ exhibit area and all programs will feature an exclusive keeper talk along with a chance to create enrichment for one of the Zoo’s animals!  Breakfast with the Beasts is intended for families with children ages 4 – 18.  Also good for scout and youth groups of the same age.  Prices $40 per person Age 2 and Under: $0 Advance purchase required.  Buy Now!           Breakfast with the Beasts Schedule        Breakfast with the Beasts: Beavers April 4, 2026 @ 9:00 am  Join us for Breakfast with the Beasts, where you’ll have the chance to enjoy a morning meal while observing and learning about the fascinating world of beavers.        Breakfast with the Beasts: Warthogs April 18, 2026 @ 9:00 am  Join us for Breakfast with the Beasts, where you’ll have the chance to enjoy a morning meal while observing and learning about the fascinating world of warthogs.       Breakfast with the Beasts: Zebra May 2, 2026 @ 9:00 am  Join us for Breakfast with the Beasts, where you’ll have the chance to enjoy a morning meal while observing and learning about the fascinating world of Zebra.       Breakfast with the Beasts: Aldabra Tortoise May 31, 2026 @ 9:00 am  Join us for Breakfast with the Beasts, where you’ll have the chance to enjoy a morning meal while observing and learning about the fascinating world of the Aldabra Tortoise.       Breakfast with the Beasts: Crocs and Gators June 13, 2026 @ 9:00 am  Join us for Breakfast with the Beasts, where you’ll have the chance to enjoy a morning meal while observing and learning about the fascinating world of Crocs and Gators.       Breakfast with the Beasts: Australia June 20, 2026 @ 9:00 am  Join us for Breakfast with the Beasts, where you’ll have the chance to enjoy a morning meal while observing and learning about the fascinating world of Australia.       Breakfast with the Beasts: Sumatran Tiger July 18, 2026 @ 9:00 am  Join us for Breakfast with the Beasts, where you’ll have the chance to enjoy a morning meal while observing and learning about the fascinating world of the Sumatran Tiger.       Breakfast with the Beasts: Giraffe August 8, 2026 @ 9:00 am  Join us for Breakfast with the Beasts, where you’ll have the chance to enjoy a morning meal while observing and learning about the fascinating world of Giraffes.       Breakfast with the Beasts: Orangutan August 15, 2026 @ 9:00 am  Join us for Breakfast with the Beasts, where you’ll have the chance to enjoy a morning meal while observing and learning about the fascinating world of Orangutans.       Breakfast with the Beasts: Aldabra Tortoise September 6, 2026 @ 9:00 am  Join us for Breakfast with the Beasts, where you’ll have the chance to enjoy a morning meal while observing and learning about the fascinating world of the Aldabra Tortoise.       Breakfast with the Beasts: Red Panda September 12, 2026 @ 9:00 am  Join us for Breakfast with the Beasts, where you’ll have the chance to enjoy a morning meal while observing and learning about the fascinating world of red pandas.               More Family Events       Looking for more Education Events and programs?  Learn more!', '["free", "outdoor", "indoor", "toddler-friendly", "baby-friendly", "teen-friendly", "weekend", "educational", "arts-crafts", "music", "sensory-friendly", "family-festival", "storytime", "stem", "sports", "cooking", "nature", "community", "holiday", "playgroup"]', '[{"slug": "educational", "reason": "The event includes learning about animals and features keeper talks.", "confidence": 0.9, "matched_keywords": []}, {"slug": "family-festival", "reason": "The event is intended for families with children ages 4-18.", "confidence": 0.8, "matched_keywords": []}, {"slug": "toddler-friendly", "reason": "Children ages 2 and under can attend for free.", "confidence": 0.7, "matched_keywords": []}, {"slug": "nature", "reason": "The event focuses on observing animals in a zoo setting.", "confidence": 0.7, "matched_keywords": []}, {"slug": "weekend", "reason": "The event occurs on weekends.", "confidence": 0.6, "matched_keywords": []}, {"slug": "cooking", "reason": "The event includes a breakfast meal.", "confidence": 0.5, "matched_keywords": []}]', '{"price": 40, "age_max": 18, "age_min": 4, "is_free": false, "venue_name": "Zoo"}', 'The event is a family-oriented breakfast program at the zoo, focusing on educational aspects related to animals, suitable for children aged 4-18, with a ticket price of $40.', NULL, 6950, '2026-05-10 16:03:04.484846+00'),
	('a43593cf-253b-4520-b87a-922c7149265d', '7bb6f6b9-683f-4998-b8ad-d042b78abfb8', '78b8cbbd-eaf6-4df7-be6d-17777e56684b', 'import', 'openai', 'gpt-4o-mini', 'success', 'Celebrate 2026 Father’s Day at the Louisville Zoo', 'Treat dad to a day at the Zoo. In celebration of Father’s Day, all fathers receive free Zoo admission on Sunday, June 21.  Enjoy a day exploring exhibits, seeing animals up close and spending quality time together as a family. From favorite Zoo classics to seasonal animal activity, it’s an easy way to celebrate Dad.  How it works   Free admission is available to all fathers on Father’s Day Tickets are available at the Zoo only Valid for standard daytime admission Zoo hours and regular parking fees apply.', '["free", "outdoor", "indoor", "toddler-friendly", "baby-friendly", "teen-friendly", "weekend", "educational", "arts-crafts", "music", "sensory-friendly", "family-festival", "storytime", "stem", "sports", "cooking", "nature", "community", "holiday", "playgroup"]', '[{"slug": "free", "reason": "All fathers receive free Zoo admission on Father''s Day.", "confidence": 1, "matched_keywords": []}, {"slug": "family-festival", "reason": "The event is designed for families to celebrate Father''s Day together.", "confidence": 0.9, "matched_keywords": []}, {"slug": "holiday", "reason": "The event is a celebration of Father''s Day, a recognized holiday.", "confidence": 0.9, "matched_keywords": []}, {"slug": "outdoor", "reason": "The event takes place at the Zoo, which is an outdoor venue.", "confidence": 0.8, "matched_keywords": []}, {"slug": "weekend", "reason": "The event occurs on a Sunday, which is a weekend.", "confidence": 0.7, "matched_keywords": []}, {"slug": "toddler-friendly", "reason": "The Zoo is generally suitable for families with young children.", "confidence": 0.6, "matched_keywords": []}]', '{"price": null, "age_max": null, "age_min": null, "is_free": true, "venue_name": "Louisville Zoo"}', 'The event is classified as free due to complimentary admission for fathers, and it is family-oriented, taking place outdoors at the Louisville Zoo on Father''s Day.', NULL, 6915, '2026-05-10 16:03:11.671003+00'),
	('bb01a506-285d-4224-b531-9505112dc333', 'f3fb2170-8785-438b-a7be-611113acd57e', '78b8cbbd-eaf6-4df7-be6d-17777e56684b', 'import', 'openai', 'gpt-4o-mini', 'success', 'Wild Workout: Yoga (Glacier Run)', 'BUY NOW! Gate opens at 6 p.m. |  Class begins at 6:30 p.m.  Join us in the arctic-inspired town of Glacier Run where you may see a grizzly or polar bear wandering about. It doesn’t matter if you can BEARly touch your toes, this workout is perfect for all fitness levels.     Join us for yoga in the wild! We’re partnering with Flex Appeal to continue special Wild Workouts at your Zoo this year. We will be offering five unique outdoor yoga classes after the Zoo closes, so you can stretch in some of your favorite exhibit spaces.  For beginners and seasoned practitioners alike, these yoga classes are designed to help you increase flexibility, strengthen muscles, and improve overall health and recovery. Closed-toed shoes are strongly encouraged. Guests are also encouraged to bring a refillable water bottle that can be used at the bottle refill stations around the Zoo.  Classes are $25 each, plus a processing fee, and are available online only. All fitness levels and abilities are welcome. Tickets must be purchased online prior to the workout in order to attend.  The front gate opens at 6:00 p.m. Classes begin at 6:30 p.m.  Yoga classes on sale now! Pilates and Barre coming soon.  Prices $25 per person plus processing fee  Classes sold out in 2025 — Reserve your spot early!         FITNESS EVENTS        Throo the Zoo 5K Run/Walk 2026 May 9, 2026 @ 8:00 am  Race on over for the WILDEST 5K in Louisville! This unique course doesn’t just go around the Zoo but takes you on a safari directly “throo” the Zoo! Participants receive a t-shirt, finishers medal, post-race refreshments, PLUS a ticket to visit the Zoo at a much slower pace!       Wild Workout: Yoga (Flamingos) – SOLD OUT May 13, 2026 @ 6:00 pm  Join the flamboyance during this low-impact, muscle strengthening workout. Focus on controlled movements as flamingos showcase the art of poise and balance nearby.     Wild Workout: Pilates (Red Panda) – SOLD OUT June 3, 2026 @ 6:00 pm  Admire and imitate the graceful balance of our red pandas as you stretch and unwind in front of this forested exhibit space.     Wild Workout: Yoga (Glacier Run) June 22, 2026 @ 6:00 pm  Join us in the arctic-inspired town of Glacier Run where you may see a grizzly or polar bear wandering about. It doesn’t matter if you can BEARly touch your toes, this workout is perfect for all fitness levels.      Wild Workout: Pilates (Giraffe) July 7, 2026 @ 6:00 pm  Find inspiration in nature as you stretch and strike a pose with our giraffe herd looking on.     Wild Workout: Yoga (Butterfly) July 22, 2026 @ 6:00 pm  Stretch your wings alongside our butterflies during this peaceful yoga session. Flitter inside our butterfly habitat post-workout to enjoy your animal inspiration up-close.      Wild Workout: Yoga (Colobus) August 1, 2026 @ 6:00 pm  Swing by and enjoy this one-of-a-kind workout after the Zoo closes. Increase your flexibility as you enjoy the sights and sounds of our colobus monkey family peering at you from their lush habitat.      Wild Workout: Pilates (Little Penguin) August 19, 2026 @ 6:00 pm  Enjoy a low-impact, muscle strengthening workout as our playful little penguins look on.      Wild Workout: Yoga (Giraffe) September 1, 2026 @ 6:00 pm  Find inspiration in nature as you stretch and strike a pose with our giraffe herd looking on. These gentle giants will soothe your mind and help you find inner peace after a long day     Wild Workout: Pilates (Pinniped) September 9, 2026 @ 6:00 pm  Find your flow at this low-impact, muscle strengthening workout as you watch our playful pinnipeds (seals and sea lions).     Throo the Boo 2026 November 7, 2026 @ 6:00 pm  Dash over and join us for the SWEETEST Fun Run in Louisville! This unique course doesn’t just go around the Zoo but takes you directly “throo” the Zoo along our popular Boo at the Zoo route.', '["free", "outdoor", "indoor", "toddler-friendly", "baby-friendly", "teen-friendly", "weekend", "educational", "arts-crafts", "music", "sensory-friendly", "family-festival", "storytime", "stem", "sports", "cooking", "nature", "community", "holiday", "playgroup"]', '[{"slug": "outdoor", "reason": "The event is described as outdoor yoga classes in a zoo setting.", "confidence": 0.9, "matched_keywords": []}, {"slug": "teen-friendly", "reason": "The yoga classes are suitable for all fitness levels, including teens.", "confidence": 0.8, "matched_keywords": []}, {"slug": "nature", "reason": "The event takes place in a zoo, allowing participants to connect with nature.", "confidence": 0.8, "matched_keywords": []}, {"slug": "family-festival", "reason": "The event is designed for families to participate together in a fun and healthy activity.", "confidence": 0.7, "matched_keywords": []}, {"slug": "community", "reason": "The event encourages community participation in fitness and wellness.", "confidence": 0.7, "matched_keywords": []}, {"slug": "sports", "reason": "Yoga is a physical activity that falls under the category of sports.", "confidence": 0.6, "matched_keywords": []}]', '{"price": 25, "age_max": null, "age_min": null, "is_free": false, "venue_name": "Glacier Run Zoo"}', 'The event is an outdoor yoga class suitable for all ages and fitness levels, held at a zoo, making it family-friendly and community-oriented. The price is set at $25 per person.', NULL, 6264, '2026-05-10 16:03:18.293154+00'),
	('79d7d8a7-6f47-45ff-959f-f0d180eafe3e', 'f7e65d1a-1c76-468e-a877-df7d74424742', '78b8cbbd-eaf6-4df7-be6d-17777e56684b', 'import', 'openai', 'gpt-4o-mini', 'success', 'Conservation and Conversations: Soil (Virtual)', 'Join us for a discussion on the book Soil: The Story of a Black Mother’s Garden by Camille T. Dungy.  Conservation AND Conversations Dates: Final Wednesday of each month Virtual sessions: Check dates for times. Sessions on Google Meet Recordings available for registered participants upon request. In-person sessions: Check dates for times and locations. Cost: FREE with admission or membership to the Louisville Zoo.   Join the conversation! Talk with Louisville Zoo staff and knowledgeable guest presenters about a variety of conservation and environmental topics. Each month will focus on a different broad topic (like healthy ecosystem function or native plant management). Discussions will be guided by an expert guest presenter or a chosen book.   Participants will receive two to four emails per month with invitations to the monthly sessions, background information on topics and speakers, links to further learning resources and media recommendations, as well as opportunities to provide program feedback. You may request to be removed from our email list at any time.    Free Online Reservation              Conservation and Conversations Schedule         Conservation and Conversations: Polar Bears International (Virtual Session) February 25, 2026 @ 2:00 pm  Excited about polar bears? Join us this month as we celebrate international polar bear day and learn from the experts at Polar Bears International about the latest research and conservation efforts for these bears and the sea ice they depend on.        Conservation and Conversations: Beaverland (Virtual) Virtual:  March 25 at 2 p.m. In-Person:  March 28 at 2 p.m.   This month we are reading Beaverland: How One Weird Rodent Made America by Leila Philip. Our discussion will center on the book and what we can learn about and from these amazing animals.       Conservation and Conversations: kNOw Waste (Virtual) April 29, 2026 @ 2:00 pm  Join us this month to learn from experts from kNOw Waste about our waste systems and the ways microplastics are spreading throughout our world.       Conservation and Conversations: Urban Wildlife May 27, 2026 @ 2:00 pm  Guest Presenter: wildlife disease ecologist Jake Shurba, Ph.D. student with Clemson University        Conservation and Conversations: Soil (Virtual) Virtual:  June 24 at 2 p.m. In-Person:  June 27 at 2 p.m.   Join us for a discussion on the book Soil: The Story of a Black Mother’s Garden by Camille T. Dungy.        Conservation and Conversations: Tigers (Virtual) July 29, 2026 @ 2:00 pm  More information coming soon! Guest Presenter to be announced.        Conservation and Conversations: Urban Green Space (Virtual) August 26, 2026 @ 2:00 pm  More information coming soon! Guest Presenter to be announced.        Conservation and Conversations: Fuzz (In Person) In-Person:  Sept. 26 at 2 p.m. Virtual:  Sept. 30 at 2 p.m.   Book Discussion on Fuzz: When Nature Breaks the Law by Mary Roach                   More Family Events       Looking for more Education Events and programs?  Learn more!', '["free", "outdoor", "indoor", "toddler-friendly", "baby-friendly", "teen-friendly", "weekend", "educational", "arts-crafts", "music", "sensory-friendly", "family-festival", "storytime", "stem", "sports", "cooking", "nature", "community", "holiday", "playgroup"]', '[{"slug": "free", "reason": "Cost: FREE with admission or membership to the Louisville Zoo.", "confidence": 1, "matched_keywords": []}, {"slug": "educational", "reason": "Discussions will focus on conservation and environmental topics.", "confidence": 0.9, "matched_keywords": []}, {"slug": "community", "reason": "Participants will engage with Louisville Zoo staff and guest presenters.", "confidence": 0.8, "matched_keywords": []}, {"slug": "nature", "reason": "Topics include conservation and environmental discussions.", "confidence": 0.8, "matched_keywords": []}, {"slug": "family-festival", "reason": "The event is designed for families to engage in discussions.", "confidence": 0.7, "matched_keywords": []}, {"slug": "toddler-friendly", "reason": "The event is suitable for families, including young children.", "confidence": 0.6, "matched_keywords": []}]', '{"price": null, "age_max": null, "age_min": null, "is_free": true, "venue_name": null}', 'The event is free and focuses on educational discussions about conservation, making it suitable for families and community engagement.', NULL, 5246, '2026-05-10 16:03:23.77975+00'),
	('433a2e7b-7cf8-4875-a742-334130f7150f', '3b2b3491-12c1-44ad-a229-de18d6f83b7f', '78b8cbbd-eaf6-4df7-be6d-17777e56684b', 'import', 'openai', 'gpt-4o-mini', 'success', 'Conservation and Conversations: Soil (In Person)', 'Join us for a discussion on the book Soil: The Story of a Black Mother’s Garden by Camille T. Dungy.  Conservation AND Conversations Dates: Final Wednesday of each month Virtual sessions: Check dates for times. Sessions on Google Meet Recordings available for registered participants upon request. In-person sessions: Check dates for times and locations. Cost: FREE with admission or membership to the Louisville Zoo.   Join the conversation! Talk with Louisville Zoo staff and knowledgeable guest presenters about a variety of conservation and environmental topics. Each month will focus on a different broad topic (like healthy ecosystem function or native plant management). Discussions will be guided by an expert guest presenter or a chosen book.   Participants will receive two to four emails per month with invitations to the monthly sessions, background information on topics and speakers, links to further learning resources and media recommendations, as well as opportunities to provide program feedback. You may request to be removed from our email list at any time.    Free Online Reservation              Conservation and Conversations Schedule         Conservation and Conversations: Polar Bears International (Virtual Session) February 25, 2026 @ 2:00 pm  Excited about polar bears? Join us this month as we celebrate international polar bear day and learn from the experts at Polar Bears International about the latest research and conservation efforts for these bears and the sea ice they depend on.        Conservation and Conversations: Beaverland (Virtual) Virtual:  March 25 at 2 p.m. In-Person:  March 28 at 2 p.m.   This month we are reading Beaverland: How One Weird Rodent Made America by Leila Philip. Our discussion will center on the book and what we can learn about and from these amazing animals.       Conservation and Conversations: kNOw Waste (Virtual) April 29, 2026 @ 2:00 pm  Join us this month to learn from experts from kNOw Waste about our waste systems and the ways microplastics are spreading throughout our world.       Conservation and Conversations: Urban Wildlife May 27, 2026 @ 2:00 pm  Guest Presenter: wildlife disease ecologist Jake Shurba, Ph.D. student with Clemson University        Conservation and Conversations: Soil (Virtual) Virtual:  June 24 at 2 p.m. In-Person:  June 27 at 2 p.m.   Join us for a discussion on the book Soil: The Story of a Black Mother’s Garden by Camille T. Dungy.        Conservation and Conversations: Tigers (Virtual) July 29, 2026 @ 2:00 pm  More information coming soon! Guest Presenter to be announced.        Conservation and Conversations: Urban Green Space (Virtual) August 26, 2026 @ 2:00 pm  More information coming soon! Guest Presenter to be announced.        Conservation and Conversations: Fuzz (In Person) In-Person:  Sept. 26 at 2 p.m. Virtual:  Sept. 30 at 2 p.m.   Book Discussion on Fuzz: When Nature Breaks the Law by Mary Roach                   More Family Events       Looking for more Education Events and programs?  Learn more!', '["free", "outdoor", "indoor", "toddler-friendly", "baby-friendly", "teen-friendly", "weekend", "educational", "arts-crafts", "music", "sensory-friendly", "family-festival", "storytime", "stem", "sports", "cooking", "nature", "community", "holiday", "playgroup"]', '[{"slug": "free", "reason": "Cost: FREE with admission or membership to the Louisville Zoo.", "confidence": 1, "matched_keywords": []}, {"slug": "educational", "reason": "Discussions will focus on conservation and environmental topics.", "confidence": 0.9, "matched_keywords": []}, {"slug": "family-festival", "reason": "The event is designed for community engagement and family participation.", "confidence": 0.8, "matched_keywords": []}, {"slug": "community", "reason": "Participants will engage with Louisville Zoo staff and guest presenters.", "confidence": 0.8, "matched_keywords": []}, {"slug": "nature", "reason": "Topics include healthy ecosystem function and native plant management.", "confidence": 0.7, "matched_keywords": []}, {"slug": "indoor", "reason": "In-person sessions will take place indoors at the Louisville Zoo.", "confidence": 0.6, "matched_keywords": []}]', '{"price": null, "age_max": null, "age_min": null, "is_free": true, "venue_name": "Louisville Zoo"}', 'The event is free with admission to the Louisville Zoo and focuses on educational discussions about conservation, making it suitable for families and community engagement.', NULL, 5382, '2026-05-10 16:03:29.44231+00'),
	('30b6b73e-8089-43d8-999f-8750651b15e8', 'de0cc88c-35f2-4b97-aba7-159c8722cd76', '78b8cbbd-eaf6-4df7-be6d-17777e56684b', 'import', 'openai', 'gpt-4o-mini', 'success', 'Wild Workout: Pilates (Giraffe)', 'BUY NOW! Gate opens at 6 p.m. |  Class begins at 6:30 p.m.  Find inspiration in nature as you stretch and strike a pose with our giraffe herd looking on. These gentle giants will soothe your mind and help you find inner peace after a long day.    Join us for phyiscal fun in the wild! We’re partnering with Flex Appeal to continue special Wild Workouts at your Zoo this year. We will be offering five unique outdoor classes after the Zoo closes, so you can stretch in some of your favorite exhibit spaces.  For beginners and seasoned practitioners alike, these classes are designed to help you increase flexibility, strengthen muscles, and improve overall health and recovery. Closed-toed shoes are strongly encouraged. Guests are also encouraged to bring a refillable water bottle that can be used at the bottle refill stations around the Zoo.  Classes are $25 each, plus a processing fee, and are available online only. All fitness levels and abilities are welcome. Tickets must be purchased online prior to the workout in order to attend.  The front gate opens at 6:00 p.m. Classes begin at 6:30 p.m.  Prices $25 per person plus processing fee  Classes sold out in 2025 — Reserve your spot early!         FITNESS EVENTS        Throo the Zoo 5K Run/Walk 2026 May 9, 2026 @ 8:00 am  Race on over for the WILDEST 5K in Louisville! This unique course doesn’t just go around the Zoo but takes you on a safari directly “throo” the Zoo! Participants receive a t-shirt, finishers medal, post-race refreshments, PLUS a ticket to visit the Zoo at a much slower pace!       Wild Workout: Yoga (Flamingos) – SOLD OUT May 13, 2026 @ 6:00 pm  Join the flamboyance during this low-impact, muscle strengthening workout. Focus on controlled movements as flamingos showcase the art of poise and balance nearby.     Wild Workout: Pilates (Red Panda) – SOLD OUT June 3, 2026 @ 6:00 pm  Admire and imitate the graceful balance of our red pandas as you stretch and unwind in front of this forested exhibit space.     Wild Workout: Yoga (Glacier Run) June 22, 2026 @ 6:00 pm  Join us in the arctic-inspired town of Glacier Run where you may see a grizzly or polar bear wandering about. It doesn’t matter if you can BEARly touch your toes, this workout is perfect for all fitness levels.      Wild Workout: Pilates (Giraffe) July 7, 2026 @ 6:00 pm  Find inspiration in nature as you stretch and strike a pose with our giraffe herd looking on.     Wild Workout: Yoga (Butterfly) July 22, 2026 @ 6:00 pm  Stretch your wings alongside our butterflies during this peaceful yoga session. Flitter inside our butterfly habitat post-workout to enjoy your animal inspiration up-close.      Wild Workout: Yoga (Colobus) August 1, 2026 @ 6:00 pm  Swing by and enjoy this one-of-a-kind workout after the Zoo closes. Increase your flexibility as you enjoy the sights and sounds of our colobus monkey family peering at you from their lush habitat.      Wild Workout: Pilates (Little Penguin) August 19, 2026 @ 6:00 pm  Enjoy a low-impact, muscle strengthening workout as our playful little penguins look on.      Wild Workout: Yoga (Giraffe) September 1, 2026 @ 6:00 pm  Find inspiration in nature as you stretch and strike a pose with our giraffe herd looking on. These gentle giants will soothe your mind and help you find inner peace after a long day     Wild Workout: Pilates (Pinniped) September 9, 2026 @ 6:00 pm  Find your flow at this low-impact, muscle strengthening workout as you watch our playful pinnipeds (seals and sea lions).     Throo the Boo 2026 November 7, 2026 @ 6:00 pm  Dash over and join us for the SWEETEST Fun Run in Louisville! This unique course doesn’t just go around the Zoo but takes you directly “throo” the Zoo along our popular Boo at the Zoo route.', '["free", "outdoor", "indoor", "toddler-friendly", "baby-friendly", "teen-friendly", "weekend", "educational", "arts-crafts", "music", "sensory-friendly", "family-festival", "storytime", "stem", "sports", "cooking", "nature", "community", "holiday", "playgroup"]', '[{"slug": "outdoor", "reason": "The event is described as an outdoor class at the Zoo.", "confidence": 0.9, "matched_keywords": []}, {"slug": "nature", "reason": "Participants will be inspired by nature and the giraffe herd during the workout.", "confidence": 0.85, "matched_keywords": []}, {"slug": "community", "reason": "The event promotes community engagement through fitness in a natural setting.", "confidence": 0.8, "matched_keywords": []}, {"slug": "teen-friendly", "reason": "The class is designed for all fitness levels, including teens.", "confidence": 0.7, "matched_keywords": []}, {"slug": "educational", "reason": "Participants may learn about fitness and animal behavior during the class.", "confidence": 0.6, "matched_keywords": []}]', '{"price": 25, "age_max": null, "age_min": null, "is_free": false, "venue_name": "Zoo"}', 'The event is an outdoor Pilates class at the Zoo, promoting fitness and community engagement, with a price of $25.', NULL, 4407, '2026-05-10 16:03:34.162307+00'),
	('b74fb9a4-4d4e-4ece-a13d-acd77003f7da', '5666434c-5922-4a9b-a9a2-5952db2ed502', '78b8cbbd-eaf6-4df7-be6d-17777e56684b', 'import', 'openai', 'gpt-4o-mini', 'success', 'ROARchestra 2026', 'SAVE THE DATE! ROARchestra is back! The Louisville Orchestra and your Louisville Zoo have partnered together again to present a wildly entertaining musical evening. Bring your blanket or lawn chairs and enjoy live music under the stars at the Zoo’s Oasis stage.  More information coming soon!           FAMILY FRIENDLY EVENTS        Bunny Hop March 28 & 29, 2026 @ 10:00 am  Hop over for an EGGstra fun time as you meet the Easter Bunny, hunt for eggs and more.      Kentucky Shakespeare – The Tempest April 4, 2026 @ 11:00 am  Kentucky Shakespeare, the Official Shakespeare Festival of Kentucky, presents THE TEMPEST at the Louisville Zoo.     VIP (Very Important Princesses) Party 2026 April 11 & 12, 2026 Sessions at 9 a.m. and 12 p.m.   The Louisville Zoo invites all our VIPs (Very Important Princesses and Princes) to a royal banquet straight out of a fairytale. Join princesses from every kingdom for an enchanting storybook celebration.      Native Plant Sale (April 2026) April 19, 2026 @ 10:00 am  Browse a selection of native plants available for purchase at the Zoo.     Throo the Zoo 5K Run/Walk 2026 May 9, 2026 @ 8:00 am  Race on over for the WILDEST 5K in Louisville! This unique course doesn’t just go around the Zoo but takes you on a safari directly “throo” the Zoo! Participants receive a t-shirt, finishers medal, post-race refreshments, PLUS a ticket to visit the Zoo at a much slower pace!      Storybook Character Day (2026) May 16, 2026 @ 10:00 am  We’re fully booked with friends like Curious George, Clifford, Pete the Cat and more! Join us as your favorite characters hop straight off the page and right to your Zoo!     Super Summer Saturday (2026) June 6, 2026 @ 10:00 am  Fly, jump or warp your way over to the Zoo to visit with some of your favorite superheroes, here to kick off the summer season. While at the Zoo, learn about some of the amazing adaptations your favorite animals harness as their own wild “superpowers”.     ROARchestra 2026 July 11, 2026 @ 8:30 pm  ROARchestra is back! The Louisville Orchestra and your Louisville Zoo have partnered together again to present a wildly entertaining musical evening. Bring your blanket or lawn chairs and enjoy live music under the stars at the Zoo’s renovated Oasis stage.     Summer Santa (2026) July 18, 2026 @ 10:00 am  It’s a jolly summer holiday as Santa and Mrs. Claus stop at your Zoo while on vacation. Join them to get your holiday list in early.     Royal Rendezvous (2026) August 8, 2026 @ 10:00 am  Princesses have arrived from faraway lands to close out the summer season with all of their adoring (and adorable) subjects. Ball gowns are not required, but guests are welcome to dress their best for this Royal Rendezvous.     Cinema Safari 2026 – Zootopia 2 August 14, 2026 @ 8:00 pm  Hey bub, grab your partners-in-crime (or crime-fighting) and join Judy and Nick as they try to make the world a better place.     Cinema Safari 2026 – Wicked For Good September 4, 2026 @ 8:00 pm  We’re bubbling with excitement for the finale to the hit musical starring Cynthia Erivo and Ariana Grande.     Native Plant Sale (September 2026) September 13, 2026 @ 10:00 am  Browse a selection of native plants available for purchase at the Zoo. Whether you’re just starting out or have been gardening for years, you are sure to find the perfect plants to benefit the pollinators that visit your at-home habitat.      La Fiesta at the Zoo: A Latin American Heritage Celebration (2026) September 19, 2026 @ 10:00 am  Join the Louisville Zoo for a fun celebración! Partners from throughout our community will be here to share information and resources, festive music, vibrant art and more.     Boo at the Zoo (2026) October 1 – 29 (Select nights)  Join us for the sweetest party in town! Boo at the Zoo features trick-or-treating for kids 11-and-under, rides, and special attractions all for one great price.     Boo at the Zoo 2026 – Sensory Friendly Night October 7, 2026 @ 5:00 pm  This special night features peanut-free treat booths and added non-food treats like stickers, tattoos, pencils and more.     Boo at the Zoo 2026 – Allergy Friendly Night October 28, 2026 @ 5:00 pm  This special night features peanut-free treat booths and added non-food treats like stickers, tattoos, pencils and more.     Día de los Muertos (2026) November 1 & 2, 2026  The Louisville Zoo is creating a special ofrenda for Día de los Muertos (the Day of the Dead) to honor beloved pets and Zoo animals that have passed away–animals who brought joy to our guests, inspired our mission, and touched the hearts of staff.     Throo the Boo 2026 November 7, 2026 @ 6:00 pm  Dash over and join us for the SWEETEST Fun Run in Louisville! This unique course doesn’t just go around the Zoo but takes you directly “throo” the Zoo along our popular Boo at the Zoo route.     Beary Happy Holidays (2026) December 5-6 December 12 – 13 December 19-20 (Santa & Mrs. Claus)   Throughout December, we’re transforming areas of your Zoo into a winter wonderland, complete with holiday-themed decorations and animal enrichment.             ', '["free", "outdoor", "indoor", "toddler-friendly", "baby-friendly", "teen-friendly", "weekend", "educational", "arts-crafts", "music", "sensory-friendly", "family-festival", "storytime", "stem", "sports", "cooking", "nature", "community", "holiday", "playgroup"]', '[{"slug": "music", "reason": "The event features live music performed by the Louisville Orchestra.", "confidence": 0.9, "matched_keywords": []}, {"slug": "family-festival", "reason": "The event is described as family-friendly and encourages families to attend.", "confidence": 0.9, "matched_keywords": []}, {"slug": "outdoor", "reason": "The event takes place under the stars at the Zoo’s Oasis stage.", "confidence": 0.8, "matched_keywords": []}, {"slug": "holiday", "reason": "The event is part of a series of family-friendly events at the Zoo, including holiday-themed activities.", "confidence": 0.7, "matched_keywords": []}, {"slug": "community", "reason": "The event promotes community engagement through music and family activities.", "confidence": 0.6, "matched_keywords": []}, {"slug": "weekend", "reason": "The event is scheduled for a weekend evening.", "confidence": 0.5, "matched_keywords": []}]', '{"price": null, "age_max": null, "age_min": null, "is_free": true, "venue_name": "Louisville Zoo"}', 'The event is classified based on its musical nature, outdoor setting, family-friendly focus, and community engagement. It is free to attend, making it accessible for families.', NULL, 5892, '2026-05-10 16:03:40.34056+00');


--
-- Data for Name: tags; Type: TABLE DATA; Schema: public; Owner: postgres
--

INSERT INTO "public"."tags" ("id", "name", "slug", "color", "category", "is_system", "created_at") VALUES
	('97a5b734-b492-4156-b843-3779a9271493', 'Free', 'free', '#16a34a', 'cost', true, '2026-05-10 15:53:14.244533+00'),
	('e93b65e3-6817-4c86-bf63-cd72b3593195', 'Outdoor', 'outdoor', '#15803d', 'location', true, '2026-05-10 15:53:14.244533+00'),
	('109020fa-3e5c-495b-99fa-e1158ba383db', 'Indoor', 'indoor', '#0369a1', 'location', true, '2026-05-10 15:53:14.244533+00'),
	('9fa21bab-a4f8-4138-8e72-1fbc8bd3a9a6', 'Toddler-Friendly', 'toddler-friendly', '#d97706', 'age', true, '2026-05-10 15:53:14.244533+00'),
	('d01b176b-b825-40c4-8417-8aaf8f4dca2a', 'Baby-Friendly', 'baby-friendly', '#f59e0b', 'age', true, '2026-05-10 15:53:14.244533+00'),
	('b6ab2785-7482-43c1-95ed-ec425601d92c', 'Teen-Friendly', 'teen-friendly', '#7c3aed', 'age', true, '2026-05-10 15:53:14.244533+00'),
	('62101e41-1e32-4944-b230-8ac9e7e0e96b', 'Weekend', 'weekend', '#db2777', 'time', true, '2026-05-10 15:53:14.244533+00'),
	('8127833c-b3e2-4b02-b0fb-04cd13390588', 'Educational', 'educational', '#0284c7', 'theme', true, '2026-05-10 15:53:14.244533+00'),
	('34908ace-ac67-4a7d-929d-f04d2b3e2821', 'Arts & Crafts', 'arts-crafts', '#c026d3', 'activity', true, '2026-05-10 15:53:14.244533+00'),
	('8c980354-1d57-4a66-a5af-828a55437690', 'Music', 'music', '#ea580c', 'activity', true, '2026-05-10 15:53:14.244533+00'),
	('31118f35-0f27-4202-a79a-2c2319155357', 'Sensory-Friendly', 'sensory-friendly', '#0891b2', 'theme', true, '2026-05-10 15:53:14.244533+00'),
	('623035d5-7369-4ce6-a18b-573611b84941', 'Family Festival', 'family-festival', '#dc2626', 'theme', true, '2026-05-10 15:53:14.244533+00'),
	('bbc655b2-70d1-4383-8e43-f58b609a8626', 'Storytime', 'storytime', '#65a30d', 'activity', true, '2026-05-10 15:53:14.244533+00'),
	('43a05bad-284c-4b11-b4b1-5865450284d7', 'STEM', 'stem', '#2563eb', 'theme', true, '2026-05-10 15:53:14.244533+00'),
	('dec55e52-f273-4168-8983-c611b9b43cfc', 'Sports', 'sports', '#16a34a', 'activity', true, '2026-05-10 15:53:14.244533+00'),
	('2039c2d3-3021-46de-b794-785a0cbe9214', 'Cooking', 'cooking', '#d97706', 'activity', true, '2026-05-10 15:53:14.244533+00'),
	('9e11101f-917b-4850-a0f5-bb70d86c5728', 'Nature', 'nature', '#15803d', 'theme', true, '2026-05-10 15:53:14.244533+00'),
	('36596b1b-9d62-41b1-9e20-9a321f26d7ff', 'Community', 'community', '#6d28d9', 'theme', true, '2026-05-10 15:53:14.244533+00'),
	('783cfb49-d05f-4535-901d-a27030931457', 'Holiday', 'holiday', '#dc2626', 'theme', true, '2026-05-10 15:53:14.244533+00'),
	('6bf61011-a34c-45ee-bc7a-9eb652c301f8', 'Playgroup', 'playgroup', '#0891b2', 'activity', true, '2026-05-10 15:53:14.244533+00');


--
-- Data for Name: event_tags; Type: TABLE DATA; Schema: public; Owner: postgres
--

INSERT INTO "public"."event_tags" ("event_id", "tag_id", "confidence", "is_manual_override", "created_at") VALUES
	('ab7ebe6b-78de-4574-8909-6e292bac7425', '97a5b734-b492-4156-b843-3779a9271493', 1.000, false, '2026-05-10 16:00:12.147806+00'),
	('ab7ebe6b-78de-4574-8909-6e292bac7425', 'e93b65e3-6817-4c86-bf63-cd72b3593195', 0.900, false, '2026-05-10 16:00:12.147806+00'),
	('ab7ebe6b-78de-4574-8909-6e292bac7425', '783cfb49-d05f-4535-901d-a27030931457', 0.900, false, '2026-05-10 16:00:12.147806+00'),
	('ab7ebe6b-78de-4574-8909-6e292bac7425', '623035d5-7369-4ce6-a18b-573611b84941', 0.800, false, '2026-05-10 16:00:12.147806+00'),
	('ab7ebe6b-78de-4574-8909-6e292bac7425', '9fa21bab-a4f8-4138-8e72-1fbc8bd3a9a6', 0.700, false, '2026-05-10 16:00:12.147806+00'),
	('ab7ebe6b-78de-4574-8909-6e292bac7425', 'b6ab2785-7482-43c1-95ed-ec425601d92c', 0.700, false, '2026-05-10 16:00:12.147806+00'),
	('e8bffc6d-36b4-438c-a6cd-a2f7d0723e54', '9fa21bab-a4f8-4138-8e72-1fbc8bd3a9a6', 0.950, false, '2026-05-10 16:00:21.14739+00'),
	('e8bffc6d-36b4-438c-a6cd-a2f7d0723e54', '8127833c-b3e2-4b02-b0fb-04cd13390588', 0.900, false, '2026-05-10 16:00:21.14739+00'),
	('e8bffc6d-36b4-438c-a6cd-a2f7d0723e54', '9e11101f-917b-4850-a0f5-bb70d86c5728', 0.800, false, '2026-05-10 16:00:21.14739+00'),
	('e8bffc6d-36b4-438c-a6cd-a2f7d0723e54', 'e93b65e3-6817-4c86-bf63-cd72b3593195', 0.700, false, '2026-05-10 16:00:21.14739+00'),
	('e8bffc6d-36b4-438c-a6cd-a2f7d0723e54', '623035d5-7369-4ce6-a18b-573611b84941', 0.600, false, '2026-05-10 16:00:21.14739+00'),
	('e8bffc6d-36b4-438c-a6cd-a2f7d0723e54', '62101e41-1e32-4944-b230-8ac9e7e0e96b', 0.500, false, '2026-05-10 16:00:21.14739+00'),
	('696d8438-686d-42fc-99e8-3cb37e40d2f0', '97a5b734-b492-4156-b843-3779a9271493', 1.000, false, '2026-05-10 16:00:27.656196+00'),
	('696d8438-686d-42fc-99e8-3cb37e40d2f0', '9fa21bab-a4f8-4138-8e72-1fbc8bd3a9a6', 0.900, false, '2026-05-10 16:00:27.656196+00'),
	('696d8438-686d-42fc-99e8-3cb37e40d2f0', 'bbc655b2-70d1-4383-8e43-f58b609a8626', 0.800, false, '2026-05-10 16:00:27.656196+00'),
	('696d8438-686d-42fc-99e8-3cb37e40d2f0', '8127833c-b3e2-4b02-b0fb-04cd13390588', 0.800, false, '2026-05-10 16:00:27.656196+00'),
	('696d8438-686d-42fc-99e8-3cb37e40d2f0', '623035d5-7369-4ce6-a18b-573611b84941', 0.700, false, '2026-05-10 16:00:27.656196+00'),
	('696d8438-686d-42fc-99e8-3cb37e40d2f0', '9e11101f-917b-4850-a0f5-bb70d86c5728', 0.600, false, '2026-05-10 16:00:27.656196+00'),
	('70047b7e-f06b-46ee-b632-2f25e3a2ea6e', '97a5b734-b492-4156-b843-3779a9271493', 1.000, false, '2026-05-10 16:00:33.727795+00'),
	('70047b7e-f06b-46ee-b632-2f25e3a2ea6e', '9fa21bab-a4f8-4138-8e72-1fbc8bd3a9a6', 0.900, false, '2026-05-10 16:00:33.727795+00'),
	('70047b7e-f06b-46ee-b632-2f25e3a2ea6e', '8127833c-b3e2-4b02-b0fb-04cd13390588', 0.800, false, '2026-05-10 16:00:33.727795+00'),
	('70047b7e-f06b-46ee-b632-2f25e3a2ea6e', '623035d5-7369-4ce6-a18b-573611b84941', 0.700, false, '2026-05-10 16:00:33.727795+00'),
	('70047b7e-f06b-46ee-b632-2f25e3a2ea6e', '9e11101f-917b-4850-a0f5-bb70d86c5728', 0.600, false, '2026-05-10 16:00:33.727795+00'),
	('70047b7e-f06b-46ee-b632-2f25e3a2ea6e', 'bbc655b2-70d1-4383-8e43-f58b609a8626', 0.500, false, '2026-05-10 16:00:33.727795+00'),
	('501d921d-41e0-49bd-a96c-8c2d6e9976f5', 'e93b65e3-6817-4c86-bf63-cd72b3593195', 0.900, false, '2026-05-10 16:00:42.011241+00'),
	('501d921d-41e0-49bd-a96c-8c2d6e9976f5', 'b6ab2785-7482-43c1-95ed-ec425601d92c', 0.800, false, '2026-05-10 16:00:42.011241+00'),
	('501d921d-41e0-49bd-a96c-8c2d6e9976f5', '9e11101f-917b-4850-a0f5-bb70d86c5728', 0.800, false, '2026-05-10 16:00:42.011241+00'),
	('501d921d-41e0-49bd-a96c-8c2d6e9976f5', '623035d5-7369-4ce6-a18b-573611b84941', 0.700, false, '2026-05-10 16:00:42.011241+00'),
	('501d921d-41e0-49bd-a96c-8c2d6e9976f5', '36596b1b-9d62-41b1-9e20-9a321f26d7ff', 0.700, false, '2026-05-10 16:00:42.011241+00'),
	('501d921d-41e0-49bd-a96c-8c2d6e9976f5', 'dec55e52-f273-4168-8983-c611b9b43cfc', 0.600, false, '2026-05-10 16:00:42.011241+00'),
	('d4dfc22f-4f7f-4e8f-8895-f8f384a338c7', '97a5b734-b492-4156-b843-3779a9271493', 1.000, false, '2026-05-10 16:00:57.099273+00'),
	('d4dfc22f-4f7f-4e8f-8895-f8f384a338c7', '9fa21bab-a4f8-4138-8e72-1fbc8bd3a9a6', 0.900, false, '2026-05-10 16:00:57.099273+00'),
	('d4dfc22f-4f7f-4e8f-8895-f8f384a338c7', '8127833c-b3e2-4b02-b0fb-04cd13390588', 0.800, false, '2026-05-10 16:00:57.099273+00'),
	('d4dfc22f-4f7f-4e8f-8895-f8f384a338c7', '623035d5-7369-4ce6-a18b-573611b84941', 0.700, false, '2026-05-10 16:00:57.099273+00'),
	('d4dfc22f-4f7f-4e8f-8895-f8f384a338c7', '9e11101f-917b-4850-a0f5-bb70d86c5728', 0.600, false, '2026-05-10 16:00:57.099273+00'),
	('d4dfc22f-4f7f-4e8f-8895-f8f384a338c7', 'bbc655b2-70d1-4383-8e43-f58b609a8626', 0.500, false, '2026-05-10 16:00:57.099273+00'),
	('91e23233-3c1b-421d-97a1-106bb9b32dd4', 'b6ab2785-7482-43c1-95ed-ec425601d92c', 0.900, false, '2026-05-10 16:01:04.533496+00'),
	('91e23233-3c1b-421d-97a1-106bb9b32dd4', '8127833c-b3e2-4b02-b0fb-04cd13390588', 0.900, false, '2026-05-10 16:01:04.533496+00'),
	('91e23233-3c1b-421d-97a1-106bb9b32dd4', '9e11101f-917b-4850-a0f5-bb70d86c5728', 0.800, false, '2026-05-10 16:01:04.533496+00'),
	('91e23233-3c1b-421d-97a1-106bb9b32dd4', 'e93b65e3-6817-4c86-bf63-cd72b3593195', 0.800, false, '2026-05-10 16:01:04.533496+00'),
	('91e23233-3c1b-421d-97a1-106bb9b32dd4', '62101e41-1e32-4944-b230-8ac9e7e0e96b', 0.700, false, '2026-05-10 16:01:04.533496+00'),
	('91e23233-3c1b-421d-97a1-106bb9b32dd4', '36596b1b-9d62-41b1-9e20-9a321f26d7ff', 0.600, false, '2026-05-10 16:01:04.533496+00'),
	('73fd2c8a-84e9-466f-b60d-de5c5c1350a5', '97a5b734-b492-4156-b843-3779a9271493', 1.000, false, '2026-05-10 16:01:11.775081+00'),
	('73fd2c8a-84e9-466f-b60d-de5c5c1350a5', '62101e41-1e32-4944-b230-8ac9e7e0e96b', 1.000, false, '2026-05-10 16:01:11.775081+00'),
	('73fd2c8a-84e9-466f-b60d-de5c5c1350a5', '9fa21bab-a4f8-4138-8e72-1fbc8bd3a9a6', 0.900, false, '2026-05-10 16:01:11.775081+00'),
	('73fd2c8a-84e9-466f-b60d-de5c5c1350a5', '623035d5-7369-4ce6-a18b-573611b84941', 0.800, false, '2026-05-10 16:01:11.775081+00'),
	('73fd2c8a-84e9-466f-b60d-de5c5c1350a5', 'bbc655b2-70d1-4383-8e43-f58b609a8626', 0.700, false, '2026-05-10 16:01:11.775081+00'),
	('73fd2c8a-84e9-466f-b60d-de5c5c1350a5', 'e93b65e3-6817-4c86-bf63-cd72b3593195', 0.600, false, '2026-05-10 16:01:11.775081+00'),
	('4a533146-971e-4f7d-ab92-ad05f8df2a32', '8127833c-b3e2-4b02-b0fb-04cd13390588', 0.900, false, '2026-05-10 16:01:22.380514+00'),
	('4a533146-971e-4f7d-ab92-ad05f8df2a32', '9e11101f-917b-4850-a0f5-bb70d86c5728', 0.800, false, '2026-05-10 16:01:22.380514+00'),
	('4a533146-971e-4f7d-ab92-ad05f8df2a32', '9fa21bab-a4f8-4138-8e72-1fbc8bd3a9a6', 0.700, false, '2026-05-10 16:01:22.380514+00'),
	('4a533146-971e-4f7d-ab92-ad05f8df2a32', '623035d5-7369-4ce6-a18b-573611b84941', 0.600, false, '2026-05-10 16:01:22.380514+00'),
	('4a533146-971e-4f7d-ab92-ad05f8df2a32', '62101e41-1e32-4944-b230-8ac9e7e0e96b', 0.500, false, '2026-05-10 16:01:22.380514+00'),
	('4a533146-971e-4f7d-ab92-ad05f8df2a32', '34908ace-ac67-4a7d-929d-f04d2b3e2821', 0.400, false, '2026-05-10 16:01:22.380514+00'),
	('a4653427-602d-4ea8-a538-3e2b716fc83a', '97a5b734-b492-4156-b843-3779a9271493', 1.000, false, '2026-05-10 16:01:27.93086+00'),
	('a4653427-602d-4ea8-a538-3e2b716fc83a', '9fa21bab-a4f8-4138-8e72-1fbc8bd3a9a6', 0.900, false, '2026-05-10 16:01:27.93086+00'),
	('a4653427-602d-4ea8-a538-3e2b716fc83a', 'bbc655b2-70d1-4383-8e43-f58b609a8626', 0.900, false, '2026-05-10 16:01:27.93086+00'),
	('a4653427-602d-4ea8-a538-3e2b716fc83a', '8127833c-b3e2-4b02-b0fb-04cd13390588', 0.800, false, '2026-05-10 16:01:27.93086+00'),
	('a4653427-602d-4ea8-a538-3e2b716fc83a', '623035d5-7369-4ce6-a18b-573611b84941', 0.700, false, '2026-05-10 16:01:27.93086+00'),
	('a4653427-602d-4ea8-a538-3e2b716fc83a', '9e11101f-917b-4850-a0f5-bb70d86c5728', 0.600, false, '2026-05-10 16:01:27.93086+00'),
	('6a07142c-01e3-47f8-908c-e98f68b33eec', '97a5b734-b492-4156-b843-3779a9271493', 1.000, false, '2026-05-10 16:01:33.447298+00'),
	('6a07142c-01e3-47f8-908c-e98f68b33eec', '9fa21bab-a4f8-4138-8e72-1fbc8bd3a9a6', 0.900, false, '2026-05-10 16:01:33.447298+00'),
	('6a07142c-01e3-47f8-908c-e98f68b33eec', '8127833c-b3e2-4b02-b0fb-04cd13390588', 0.800, false, '2026-05-10 16:01:33.447298+00'),
	('6a07142c-01e3-47f8-908c-e98f68b33eec', '623035d5-7369-4ce6-a18b-573611b84941', 0.700, false, '2026-05-10 16:01:33.447298+00'),
	('6a07142c-01e3-47f8-908c-e98f68b33eec', '9e11101f-917b-4850-a0f5-bb70d86c5728', 0.600, false, '2026-05-10 16:01:33.447298+00'),
	('6a07142c-01e3-47f8-908c-e98f68b33eec', 'bbc655b2-70d1-4383-8e43-f58b609a8626', 0.500, false, '2026-05-10 16:01:33.447298+00'),
	('f8ee646f-41ed-4b50-948f-48ecbcfb883e', '109020fa-3e5c-495b-99fa-e1158ba383db', 0.800, false, '2026-05-10 16:01:39.249268+00'),
	('f8ee646f-41ed-4b50-948f-48ecbcfb883e', '36596b1b-9d62-41b1-9e20-9a321f26d7ff', 0.700, false, '2026-05-10 16:01:39.249268+00'),
	('f8ee646f-41ed-4b50-948f-48ecbcfb883e', 'e93b65e3-6817-4c86-bf63-cd72b3593195', 0.600, false, '2026-05-10 16:01:39.249268+00'),
	('f8ee646f-41ed-4b50-948f-48ecbcfb883e', '8c980354-1d57-4a66-a5af-828a55437690', 0.500, false, '2026-05-10 16:01:39.249268+00'),
	('84a8197f-989b-4c1e-816e-a3529e0b1adb', '97a5b734-b492-4156-b843-3779a9271493', 1.000, false, '2026-05-10 16:01:51.937664+00'),
	('84a8197f-989b-4c1e-816e-a3529e0b1adb', '9fa21bab-a4f8-4138-8e72-1fbc8bd3a9a6', 0.900, false, '2026-05-10 16:01:51.937664+00'),
	('84a8197f-989b-4c1e-816e-a3529e0b1adb', '8127833c-b3e2-4b02-b0fb-04cd13390588', 0.800, false, '2026-05-10 16:01:51.937664+00'),
	('84a8197f-989b-4c1e-816e-a3529e0b1adb', '623035d5-7369-4ce6-a18b-573611b84941', 0.700, false, '2026-05-10 16:01:51.937664+00'),
	('84a8197f-989b-4c1e-816e-a3529e0b1adb', '9e11101f-917b-4850-a0f5-bb70d86c5728', 0.600, false, '2026-05-10 16:01:51.937664+00'),
	('84a8197f-989b-4c1e-816e-a3529e0b1adb', '6bf61011-a34c-45ee-bc7a-9eb652c301f8', 0.500, false, '2026-05-10 16:01:51.937664+00'),
	('44f13d11-c89a-44e6-b66f-c889dbd4e6c8', '97a5b734-b492-4156-b843-3779a9271493', 1.000, false, '2026-05-10 16:01:56.879185+00'),
	('44f13d11-c89a-44e6-b66f-c889dbd4e6c8', '9fa21bab-a4f8-4138-8e72-1fbc8bd3a9a6', 0.900, false, '2026-05-10 16:01:56.879185+00'),
	('44f13d11-c89a-44e6-b66f-c889dbd4e6c8', 'd01b176b-b825-40c4-8417-8aaf8f4dca2a', 0.800, false, '2026-05-10 16:01:56.879185+00'),
	('44f13d11-c89a-44e6-b66f-c889dbd4e6c8', '109020fa-3e5c-495b-99fa-e1158ba383db', 0.700, false, '2026-05-10 16:01:56.879185+00'),
	('44f13d11-c89a-44e6-b66f-c889dbd4e6c8', '62101e41-1e32-4944-b230-8ac9e7e0e96b', 0.600, false, '2026-05-10 16:01:56.879185+00'),
	('44f13d11-c89a-44e6-b66f-c889dbd4e6c8', '8127833c-b3e2-4b02-b0fb-04cd13390588', 0.500, false, '2026-05-10 16:01:56.879185+00'),
	('6a0239c5-d7b1-47fb-afdf-1a581da3aff7', '97a5b734-b492-4156-b843-3779a9271493', 1.000, false, '2026-05-10 16:02:03.29341+00'),
	('6a0239c5-d7b1-47fb-afdf-1a581da3aff7', '8127833c-b3e2-4b02-b0fb-04cd13390588', 0.900, false, '2026-05-10 16:02:03.29341+00'),
	('6a0239c5-d7b1-47fb-afdf-1a581da3aff7', '9e11101f-917b-4850-a0f5-bb70d86c5728', 0.800, false, '2026-05-10 16:02:03.29341+00'),
	('6a0239c5-d7b1-47fb-afdf-1a581da3aff7', '623035d5-7369-4ce6-a18b-573611b84941', 0.700, false, '2026-05-10 16:02:03.29341+00'),
	('6a0239c5-d7b1-47fb-afdf-1a581da3aff7', '36596b1b-9d62-41b1-9e20-9a321f26d7ff', 0.600, false, '2026-05-10 16:02:03.29341+00'),
	('6a0239c5-d7b1-47fb-afdf-1a581da3aff7', '9fa21bab-a4f8-4138-8e72-1fbc8bd3a9a6', 0.500, false, '2026-05-10 16:02:03.29341+00'),
	('9096d803-9d32-42dc-8b0f-7d748bf7b299', '97a5b734-b492-4156-b843-3779a9271493', 1.000, false, '2026-05-10 16:02:10.858161+00'),
	('9096d803-9d32-42dc-8b0f-7d748bf7b299', '9fa21bab-a4f8-4138-8e72-1fbc8bd3a9a6', 0.900, false, '2026-05-10 16:02:10.858161+00'),
	('9096d803-9d32-42dc-8b0f-7d748bf7b299', '8127833c-b3e2-4b02-b0fb-04cd13390588', 0.800, false, '2026-05-10 16:02:10.858161+00'),
	('9096d803-9d32-42dc-8b0f-7d748bf7b299', '623035d5-7369-4ce6-a18b-573611b84941', 0.700, false, '2026-05-10 16:02:10.858161+00'),
	('9096d803-9d32-42dc-8b0f-7d748bf7b299', '9e11101f-917b-4850-a0f5-bb70d86c5728', 0.600, false, '2026-05-10 16:02:10.858161+00'),
	('9096d803-9d32-42dc-8b0f-7d748bf7b299', 'bbc655b2-70d1-4383-8e43-f58b609a8626', 0.500, false, '2026-05-10 16:02:10.858161+00'),
	('adaf1265-7556-4d77-82ae-5e614390f4c5', '97a5b734-b492-4156-b843-3779a9271493', 1.000, false, '2026-05-10 16:02:25.230808+00'),
	('adaf1265-7556-4d77-82ae-5e614390f4c5', '9fa21bab-a4f8-4138-8e72-1fbc8bd3a9a6', 0.900, false, '2026-05-10 16:02:25.230808+00'),
	('adaf1265-7556-4d77-82ae-5e614390f4c5', '8127833c-b3e2-4b02-b0fb-04cd13390588', 0.800, false, '2026-05-10 16:02:25.230808+00'),
	('adaf1265-7556-4d77-82ae-5e614390f4c5', '623035d5-7369-4ce6-a18b-573611b84941', 0.700, false, '2026-05-10 16:02:25.230808+00'),
	('adaf1265-7556-4d77-82ae-5e614390f4c5', '9e11101f-917b-4850-a0f5-bb70d86c5728', 0.600, false, '2026-05-10 16:02:25.230808+00'),
	('adaf1265-7556-4d77-82ae-5e614390f4c5', 'bbc655b2-70d1-4383-8e43-f58b609a8626', 0.500, false, '2026-05-10 16:02:25.230808+00'),
	('6cb7f5a0-30c0-4ddb-b7b7-233578f3e535', '8127833c-b3e2-4b02-b0fb-04cd13390588', 0.900, false, '2026-05-10 16:02:31.479251+00'),
	('6cb7f5a0-30c0-4ddb-b7b7-233578f3e535', '623035d5-7369-4ce6-a18b-573611b84941', 0.800, false, '2026-05-10 16:02:31.479251+00'),
	('6cb7f5a0-30c0-4ddb-b7b7-233578f3e535', '9fa21bab-a4f8-4138-8e72-1fbc8bd3a9a6', 0.700, false, '2026-05-10 16:02:31.479251+00'),
	('6cb7f5a0-30c0-4ddb-b7b7-233578f3e535', '62101e41-1e32-4944-b230-8ac9e7e0e96b', 0.600, false, '2026-05-10 16:02:31.479251+00'),
	('6cb7f5a0-30c0-4ddb-b7b7-233578f3e535', 'e93b65e3-6817-4c86-bf63-cd72b3593195', 0.500, false, '2026-05-10 16:02:31.479251+00'),
	('6cb7f5a0-30c0-4ddb-b7b7-233578f3e535', '2039c2d3-3021-46de-b794-785a0cbe9214', 0.400, false, '2026-05-10 16:02:31.479251+00'),
	('f63624c0-98d3-4b6d-b03e-3992114006d9', 'e93b65e3-6817-4c86-bf63-cd72b3593195', 0.900, false, '2026-05-10 16:02:35.587302+00'),
	('f63624c0-98d3-4b6d-b03e-3992114006d9', '9e11101f-917b-4850-a0f5-bb70d86c5728', 0.900, false, '2026-05-10 16:02:35.587302+00'),
	('f63624c0-98d3-4b6d-b03e-3992114006d9', 'b6ab2785-7482-43c1-95ed-ec425601d92c', 0.800, false, '2026-05-10 16:02:35.587302+00'),
	('f63624c0-98d3-4b6d-b03e-3992114006d9', 'dec55e52-f273-4168-8983-c611b9b43cfc', 0.800, false, '2026-05-10 16:02:35.587302+00'),
	('f63624c0-98d3-4b6d-b03e-3992114006d9', '623035d5-7369-4ce6-a18b-573611b84941', 0.700, false, '2026-05-10 16:02:35.587302+00'),
	('f63624c0-98d3-4b6d-b03e-3992114006d9', '8127833c-b3e2-4b02-b0fb-04cd13390588', 0.600, false, '2026-05-10 16:02:35.587302+00'),
	('ca1da74c-3b71-4240-b70d-d8269ef2fa90', '97a5b734-b492-4156-b843-3779a9271493', 1.000, false, '2026-05-10 16:02:41.958343+00'),
	('ca1da74c-3b71-4240-b70d-d8269ef2fa90', '9fa21bab-a4f8-4138-8e72-1fbc8bd3a9a6', 0.900, false, '2026-05-10 16:02:41.958343+00'),
	('ca1da74c-3b71-4240-b70d-d8269ef2fa90', '623035d5-7369-4ce6-a18b-573611b84941', 0.900, false, '2026-05-10 16:02:41.958343+00'),
	('ca1da74c-3b71-4240-b70d-d8269ef2fa90', 'e93b65e3-6817-4c86-bf63-cd72b3593195', 0.800, false, '2026-05-10 16:02:41.958343+00'),
	('ca1da74c-3b71-4240-b70d-d8269ef2fa90', '62101e41-1e32-4944-b230-8ac9e7e0e96b', 0.700, false, '2026-05-10 16:02:41.958343+00'),
	('ca1da74c-3b71-4240-b70d-d8269ef2fa90', '8127833c-b3e2-4b02-b0fb-04cd13390588', 0.600, false, '2026-05-10 16:02:41.958343+00'),
	('3ced4730-bc45-4f3a-b147-277d806b9146', '8c980354-1d57-4a66-a5af-828a55437690', 0.900, false, '2026-05-10 16:02:47.587588+00'),
	('3ced4730-bc45-4f3a-b147-277d806b9146', '36596b1b-9d62-41b1-9e20-9a321f26d7ff', 0.800, false, '2026-05-10 16:02:47.587588+00'),
	('3ced4730-bc45-4f3a-b147-277d806b9146', '783cfb49-d05f-4535-901d-a27030931457', 0.700, false, '2026-05-10 16:02:47.587588+00'),
	('3ced4730-bc45-4f3a-b147-277d806b9146', '623035d5-7369-4ce6-a18b-573611b84941', 0.600, false, '2026-05-10 16:02:47.587588+00'),
	('3ced4730-bc45-4f3a-b147-277d806b9146', '8127833c-b3e2-4b02-b0fb-04cd13390588', 0.500, false, '2026-05-10 16:02:47.587588+00'),
	('3ced4730-bc45-4f3a-b147-277d806b9146', 'e93b65e3-6817-4c86-bf63-cd72b3593195', 0.400, false, '2026-05-10 16:02:47.587588+00'),
	('57e8c11c-f367-498d-847d-b01e43803ba4', '8127833c-b3e2-4b02-b0fb-04cd13390588', 0.900, false, '2026-05-10 16:02:53.095116+00'),
	('57e8c11c-f367-498d-847d-b01e43803ba4', '623035d5-7369-4ce6-a18b-573611b84941', 0.800, false, '2026-05-10 16:02:53.095116+00'),
	('57e8c11c-f367-498d-847d-b01e43803ba4', '9fa21bab-a4f8-4138-8e72-1fbc8bd3a9a6', 0.700, false, '2026-05-10 16:02:53.095116+00'),
	('57e8c11c-f367-498d-847d-b01e43803ba4', 'b6ab2785-7482-43c1-95ed-ec425601d92c', 0.700, false, '2026-05-10 16:02:53.095116+00'),
	('57e8c11c-f367-498d-847d-b01e43803ba4', '62101e41-1e32-4944-b230-8ac9e7e0e96b', 0.600, false, '2026-05-10 16:02:53.095116+00'),
	('57e8c11c-f367-498d-847d-b01e43803ba4', 'e93b65e3-6817-4c86-bf63-cd72b3593195', 0.500, false, '2026-05-10 16:02:53.095116+00'),
	('012e5d5f-3a58-424a-8b87-41d271571d55', '109020fa-3e5c-495b-99fa-e1158ba383db', 0.900, false, '2026-05-10 16:02:57.296495+00'),
	('012e5d5f-3a58-424a-8b87-41d271571d55', '36596b1b-9d62-41b1-9e20-9a321f26d7ff', 0.800, false, '2026-05-10 16:02:57.296495+00'),
	('012e5d5f-3a58-424a-8b87-41d271571d55', '8c980354-1d57-4a66-a5af-828a55437690', 0.700, false, '2026-05-10 16:02:57.296495+00'),
	('012e5d5f-3a58-424a-8b87-41d271571d55', '62101e41-1e32-4944-b230-8ac9e7e0e96b', 0.500, false, '2026-05-10 16:02:57.296495+00'),
	('012e5d5f-3a58-424a-8b87-41d271571d55', '783cfb49-d05f-4535-901d-a27030931457', 0.200, false, '2026-05-10 16:02:57.296495+00'),
	('012e5d5f-3a58-424a-8b87-41d271571d55', 'b6ab2785-7482-43c1-95ed-ec425601d92c', 0.100, false, '2026-05-10 16:02:57.296495+00'),
	('0a947163-5e71-4a07-82d3-66b74fb42e19', '8127833c-b3e2-4b02-b0fb-04cd13390588', 0.900, false, '2026-05-10 16:03:04.504252+00'),
	('0a947163-5e71-4a07-82d3-66b74fb42e19', '623035d5-7369-4ce6-a18b-573611b84941', 0.800, false, '2026-05-10 16:03:04.504252+00'),
	('0a947163-5e71-4a07-82d3-66b74fb42e19', '9fa21bab-a4f8-4138-8e72-1fbc8bd3a9a6', 0.700, false, '2026-05-10 16:03:04.504252+00'),
	('0a947163-5e71-4a07-82d3-66b74fb42e19', '9e11101f-917b-4850-a0f5-bb70d86c5728', 0.700, false, '2026-05-10 16:03:04.504252+00'),
	('0a947163-5e71-4a07-82d3-66b74fb42e19', '62101e41-1e32-4944-b230-8ac9e7e0e96b', 0.600, false, '2026-05-10 16:03:04.504252+00'),
	('0a947163-5e71-4a07-82d3-66b74fb42e19', '2039c2d3-3021-46de-b794-785a0cbe9214', 0.500, false, '2026-05-10 16:03:04.504252+00'),
	('7bb6f6b9-683f-4998-b8ad-d042b78abfb8', '97a5b734-b492-4156-b843-3779a9271493', 1.000, false, '2026-05-10 16:03:11.695921+00'),
	('7bb6f6b9-683f-4998-b8ad-d042b78abfb8', '623035d5-7369-4ce6-a18b-573611b84941', 0.900, false, '2026-05-10 16:03:11.695921+00'),
	('7bb6f6b9-683f-4998-b8ad-d042b78abfb8', '783cfb49-d05f-4535-901d-a27030931457', 0.900, false, '2026-05-10 16:03:11.695921+00'),
	('7bb6f6b9-683f-4998-b8ad-d042b78abfb8', 'e93b65e3-6817-4c86-bf63-cd72b3593195', 0.800, false, '2026-05-10 16:03:11.695921+00'),
	('7bb6f6b9-683f-4998-b8ad-d042b78abfb8', '62101e41-1e32-4944-b230-8ac9e7e0e96b', 0.700, false, '2026-05-10 16:03:11.695921+00'),
	('7bb6f6b9-683f-4998-b8ad-d042b78abfb8', '9fa21bab-a4f8-4138-8e72-1fbc8bd3a9a6', 0.600, false, '2026-05-10 16:03:11.695921+00'),
	('f3fb2170-8785-438b-a7be-611113acd57e', 'e93b65e3-6817-4c86-bf63-cd72b3593195', 0.900, false, '2026-05-10 16:03:18.300901+00'),
	('f3fb2170-8785-438b-a7be-611113acd57e', 'b6ab2785-7482-43c1-95ed-ec425601d92c', 0.800, false, '2026-05-10 16:03:18.300901+00'),
	('f3fb2170-8785-438b-a7be-611113acd57e', '9e11101f-917b-4850-a0f5-bb70d86c5728', 0.800, false, '2026-05-10 16:03:18.300901+00'),
	('f3fb2170-8785-438b-a7be-611113acd57e', '623035d5-7369-4ce6-a18b-573611b84941', 0.700, false, '2026-05-10 16:03:18.300901+00'),
	('f3fb2170-8785-438b-a7be-611113acd57e', '36596b1b-9d62-41b1-9e20-9a321f26d7ff', 0.700, false, '2026-05-10 16:03:18.300901+00'),
	('f3fb2170-8785-438b-a7be-611113acd57e', 'dec55e52-f273-4168-8983-c611b9b43cfc', 0.600, false, '2026-05-10 16:03:18.300901+00'),
	('f7e65d1a-1c76-468e-a877-df7d74424742', '97a5b734-b492-4156-b843-3779a9271493', 1.000, false, '2026-05-10 16:03:23.791463+00'),
	('f7e65d1a-1c76-468e-a877-df7d74424742', '8127833c-b3e2-4b02-b0fb-04cd13390588', 0.900, false, '2026-05-10 16:03:23.791463+00'),
	('f7e65d1a-1c76-468e-a877-df7d74424742', '36596b1b-9d62-41b1-9e20-9a321f26d7ff', 0.800, false, '2026-05-10 16:03:23.791463+00'),
	('f7e65d1a-1c76-468e-a877-df7d74424742', '9e11101f-917b-4850-a0f5-bb70d86c5728', 0.800, false, '2026-05-10 16:03:23.791463+00'),
	('f7e65d1a-1c76-468e-a877-df7d74424742', '623035d5-7369-4ce6-a18b-573611b84941', 0.700, false, '2026-05-10 16:03:23.791463+00'),
	('f7e65d1a-1c76-468e-a877-df7d74424742', '9fa21bab-a4f8-4138-8e72-1fbc8bd3a9a6', 0.600, false, '2026-05-10 16:03:23.791463+00'),
	('3b2b3491-12c1-44ad-a229-de18d6f83b7f', '97a5b734-b492-4156-b843-3779a9271493', 1.000, false, '2026-05-10 16:03:29.458738+00'),
	('3b2b3491-12c1-44ad-a229-de18d6f83b7f', '8127833c-b3e2-4b02-b0fb-04cd13390588', 0.900, false, '2026-05-10 16:03:29.458738+00'),
	('3b2b3491-12c1-44ad-a229-de18d6f83b7f', '623035d5-7369-4ce6-a18b-573611b84941', 0.800, false, '2026-05-10 16:03:29.458738+00'),
	('3b2b3491-12c1-44ad-a229-de18d6f83b7f', '36596b1b-9d62-41b1-9e20-9a321f26d7ff', 0.800, false, '2026-05-10 16:03:29.458738+00'),
	('3b2b3491-12c1-44ad-a229-de18d6f83b7f', '9e11101f-917b-4850-a0f5-bb70d86c5728', 0.700, false, '2026-05-10 16:03:29.458738+00'),
	('3b2b3491-12c1-44ad-a229-de18d6f83b7f', '109020fa-3e5c-495b-99fa-e1158ba383db', 0.600, false, '2026-05-10 16:03:29.458738+00'),
	('de0cc88c-35f2-4b97-aba7-159c8722cd76', 'e93b65e3-6817-4c86-bf63-cd72b3593195', 0.900, false, '2026-05-10 16:03:34.174635+00'),
	('de0cc88c-35f2-4b97-aba7-159c8722cd76', '9e11101f-917b-4850-a0f5-bb70d86c5728', 0.850, false, '2026-05-10 16:03:34.174635+00'),
	('de0cc88c-35f2-4b97-aba7-159c8722cd76', '36596b1b-9d62-41b1-9e20-9a321f26d7ff', 0.800, false, '2026-05-10 16:03:34.174635+00'),
	('de0cc88c-35f2-4b97-aba7-159c8722cd76', 'b6ab2785-7482-43c1-95ed-ec425601d92c', 0.700, false, '2026-05-10 16:03:34.174635+00'),
	('de0cc88c-35f2-4b97-aba7-159c8722cd76', '8127833c-b3e2-4b02-b0fb-04cd13390588', 0.600, false, '2026-05-10 16:03:34.174635+00'),
	('5666434c-5922-4a9b-a9a2-5952db2ed502', '8c980354-1d57-4a66-a5af-828a55437690', 0.900, false, '2026-05-10 16:03:40.350052+00'),
	('5666434c-5922-4a9b-a9a2-5952db2ed502', '623035d5-7369-4ce6-a18b-573611b84941', 0.900, false, '2026-05-10 16:03:40.350052+00'),
	('5666434c-5922-4a9b-a9a2-5952db2ed502', 'e93b65e3-6817-4c86-bf63-cd72b3593195', 0.800, false, '2026-05-10 16:03:40.350052+00'),
	('5666434c-5922-4a9b-a9a2-5952db2ed502', '783cfb49-d05f-4535-901d-a27030931457', 0.700, false, '2026-05-10 16:03:40.350052+00'),
	('5666434c-5922-4a9b-a9a2-5952db2ed502', '36596b1b-9d62-41b1-9e20-9a321f26d7ff', 0.600, false, '2026-05-10 16:03:40.350052+00'),
	('5666434c-5922-4a9b-a9a2-5952db2ed502', '62101e41-1e32-4944-b230-8ac9e7e0e96b', 0.500, false, '2026-05-10 16:03:40.350052+00');


--
-- Data for Name: favorites; Type: TABLE DATA; Schema: public; Owner: postgres
--



--
-- Data for Name: invite_codes; Type: TABLE DATA; Schema: public; Owner: postgres
--



--
-- Data for Name: pending_invite_claims; Type: TABLE DATA; Schema: public; Owner: postgres
--



--
-- Data for Name: ratings; Type: TABLE DATA; Schema: public; Owner: postgres
--



--
-- Data for Name: recommendation_signals; Type: TABLE DATA; Schema: public; Owner: postgres
--



--
-- Data for Name: user_access; Type: TABLE DATA; Schema: public; Owner: postgres
--

INSERT INTO "public"."user_access" ("user_id", "is_enabled", "enabled_at", "disabled_at", "disabled_reason", "created_at", "updated_at", "access_expires_at") VALUES
	('11111111-1111-4111-8111-111111111111', true, '2026-05-10 15:53:14.310164+00', NULL, NULL, '2026-05-10 15:53:14.310164+00', '2026-05-10 15:54:23.083246+00', NULL);


--
-- Data for Name: user_calendar_events; Type: TABLE DATA; Schema: public; Owner: postgres
--



--
-- Data for Name: buckets; Type: TABLE DATA; Schema: storage; Owner: supabase_storage_admin
--



--
-- Data for Name: buckets_analytics; Type: TABLE DATA; Schema: storage; Owner: supabase_storage_admin
--



--
-- Data for Name: buckets_vectors; Type: TABLE DATA; Schema: storage; Owner: supabase_storage_admin
--



--
-- Data for Name: iceberg_namespaces; Type: TABLE DATA; Schema: storage; Owner: supabase_storage_admin
--



--
-- Data for Name: iceberg_tables; Type: TABLE DATA; Schema: storage; Owner: supabase_storage_admin
--



--
-- Data for Name: objects; Type: TABLE DATA; Schema: storage; Owner: supabase_storage_admin
--



--
-- Data for Name: s3_multipart_uploads; Type: TABLE DATA; Schema: storage; Owner: supabase_storage_admin
--



--
-- Data for Name: s3_multipart_uploads_parts; Type: TABLE DATA; Schema: storage; Owner: supabase_storage_admin
--



--
-- Data for Name: vector_indexes; Type: TABLE DATA; Schema: storage; Owner: supabase_storage_admin
--



--
-- Data for Name: hooks; Type: TABLE DATA; Schema: supabase_functions; Owner: supabase_functions_admin
--



--
-- Name: refresh_tokens_id_seq; Type: SEQUENCE SET; Schema: auth; Owner: supabase_auth_admin
--

SELECT pg_catalog.setval('"auth"."refresh_tokens_id_seq"', 9, true);


--
-- Name: hooks_id_seq; Type: SEQUENCE SET; Schema: supabase_functions; Owner: supabase_functions_admin
--

SELECT pg_catalog.setval('"supabase_functions"."hooks_id_seq"', 1, false);


--
-- PostgreSQL database dump complete
--

-- \unrestrict SmLVii0ol49CgCaUwY4zvzQT4dJCPD6VI2yis2pnTrWkAiKHb8DhkVGnK8ewShS

RESET ALL;
